date,year,snapshot,ward,metric,value
2014-01-01,2014,vietnam-140101.osm.pbf,An Khánh,religious_premises,2.0
2014-01-01,2014,vietnam-140101.osm.pbf,Bình Thọ,food_outlet,10.0
2014-01-01,2014,vietnam-140101.osm.pbf,Hiệp Phú,food_outlet,2.0
2014-01-01,2014,vietnam-140101.osm.pbf,Linh Đông,food_outlet,2.0
2014-01-01,2014,vietnam-140101.osm.pbf,Tân Phú,shop,4.0
2014-01-01,2014,vietnam-140101.osm.pbf,An Khánh,food_outlet,2.0
2014-01-01,2014,vietnam-140101.osm.pbf,An Phú,food_outlet,4.0
2014-01-01,2014,vietnam-140101.osm.pbf,Trường Thọ,shop,2.0
2014-01-01,2014,vietnam-140101.osm.pbf,Trường Thọ,food_outlet,2.0
2014-01-01,2014,vietnam-140101.osm.pbf,Phước Long B,food_outlet,2.0
2014-01-01,2014,vietnam-140101.osm.pbf,Hiệp Phú,shop,6.0
2014-01-01,2014,vietnam-140101.osm.pbf,An Phú,shop,4.0
2014-01-01,2014,vietnam-140101.osm.pbf,Linh Chiểu,education,6.0
2014-01-01,2014,vietnam-140101.osm.pbf,Bình Trưng Đông,education,6.0
2014-01-01,2014,vietnam-140101.osm.pbf,Linh Trung,education,6.0
2014-01-01,2014,vietnam-140101.osm.pbf,Long Trường,education,4.0
2014-01-01,2014,vietnam-140101.osm.pbf,Long Trường,religious_premises,2.0
2014-01-01,2014,vietnam-140101.osm.pbf,Long Thạnh Mỹ,public_space,2.0
2014-01-01,2014,vietnam-140101.osm.pbf,Long Bình,public_space,8.0
2014-01-01,2014,vietnam-140101.osm.pbf,Tân Phú,public_space,2.0
2014-01-01,2014,vietnam-140101.osm.pbf,An Phú,education,2.0
2014-01-01,2014,vietnam-140101.osm.pbf,An Phú,public_space,2.0
2014-01-01,2014,vietnam-140101.osm.pbf,Cát Lái,public_space,4.0
2014-01-01,2014,vietnam-140101.osm.pbf,Thạnh Mỹ Lợi,public_space,6.0
2014-01-01,2014,vietnam-140101.osm.pbf,Linh Chiểu,public_space,6.0
2014-01-01,2014,vietnam-140101.osm.pbf,Linh Trung,public_space,2.0
2014-01-01,2014,vietnam-140101.osm.pbf,Bình Thọ,education,4.0
2014-01-01,2014,vietnam-140101.osm.pbf,Linh Xuân,road_km,45.016
2014-01-01,2014,vietnam-140101.osm.pbf,Linh Tây,road_km,28.12
2014-01-01,2014,vietnam-140101.osm.pbf,Linh Trung,road_km,89.789
2014-01-01,2014,vietnam-140101.osm.pbf,Bình Trưng Đông,road_km,20.823
2014-01-01,2014,vietnam-140101.osm.pbf,Phước Bình,road_km,25.084
2014-01-01,2014,vietnam-140101.osm.pbf,Hiệp Phú,road_km,47.037
2014-01-01,2014,vietnam-140101.osm.pbf,Long Phước,road_km,83.009
2014-01-01,2014,vietnam-140101.osm.pbf,Bình Thọ,road_km,42.163
2014-01-01,2014,vietnam-140101.osm.pbf,Hiệp Bình Chánh,road_km,62.656
2014-01-01,2014,vietnam-140101.osm.pbf,Cát Lái,road_km,96.403
2014-01-01,2014,vietnam-140101.osm.pbf,An Khánh,road_km,35.146
2014-01-01,2014,vietnam-140101.osm.pbf,Tăng Nhơn Phú A,road_km,28.532
2014-01-01,2014,vietnam-140101.osm.pbf,Tân Phú,road_km,53.599
2014-01-01,2014,vietnam-140101.osm.pbf,Linh Chiểu,road_km,10.71
2014-01-01,2014,vietnam-140101.osm.pbf,Long Bình,road_km,102.848
2014-01-01,2014,vietnam-140101.osm.pbf,An Phú,road_km,119.447
2014-01-01,2014,vietnam-140101.osm.pbf,Thảo Điền,road_km,47.786
2014-01-01,2014,vietnam-140101.osm.pbf,Linh Đông,road_km,23.156
2014-01-01,2014,vietnam-140101.osm.pbf,Long Thạnh Mỹ,road_km,63.611
2014-01-01,2014,vietnam-140101.osm.pbf,Trường Thạnh,road_km,21.358
2014-01-01,2014,vietnam-140101.osm.pbf,Trường Thọ,road_km,19.734
2014-01-01,2014,vietnam-140101.osm.pbf,Tăng Nhơn Phú B,road_km,14.152
2014-01-01,2014,vietnam-140101.osm.pbf,Phước Long B,road_km,80.216
2014-01-01,2014,vietnam-140101.osm.pbf,Tam Phú,road_km,26.493
2014-01-01,2014,vietnam-140101.osm.pbf,Tam Bình,road_km,24.859
2014-01-01,2014,vietnam-140101.osm.pbf,Bình Chiểu,road_km,51.611
2014-01-01,2014,vietnam-140101.osm.pbf,Phước Long A,road_km,32.251
2014-01-01,2014,vietnam-140101.osm.pbf,Phú Hữu,road_km,43.085
2014-01-01,2014,vietnam-140101.osm.pbf,Thạnh Mỹ Lợi,road_km,164.862
2014-01-01,2014,vietnam-140101.osm.pbf,Hiệp Bình Phước,road_km,37.065
2014-01-01,2014,vietnam-140101.osm.pbf,Thủ Thiêm,road_km,26.866
2014-01-01,2014,vietnam-140101.osm.pbf,An Lợi Đông,road_km,22.692
2014-01-01,2014,vietnam-140101.osm.pbf,Long Trường,road_km,16.649
2014-01-01,2014,vietnam-140101.osm.pbf,Bình Trưng Tây,road_km,26.474
2015-01-01,2015,vietnam-150101.osm.pbf,An Khánh,religious_premises,2.0
2015-01-01,2015,vietnam-150101.osm.pbf,Bình Thọ,food_outlet,38.0
2015-01-01,2015,vietnam-150101.osm.pbf,Hiệp Phú,food_outlet,6.0
2015-01-01,2015,vietnam-150101.osm.pbf,Linh Đông,food_outlet,2.0
2015-01-01,2015,vietnam-150101.osm.pbf,Tân Phú,shop,4.0
2015-01-01,2015,vietnam-150101.osm.pbf,An Khánh,food_outlet,4.0
2015-01-01,2015,vietnam-150101.osm.pbf,An Phú,food_outlet,4.0
2015-01-01,2015,vietnam-150101.osm.pbf,Trường Thọ,shop,4.0
2015-01-01,2015,vietnam-150101.osm.pbf,Trường Thọ,food_outlet,4.0
2015-01-01,2015,vietnam-150101.osm.pbf,Phước Long B,food_outlet,2.0
2015-01-01,2015,vietnam-150101.osm.pbf,An Phú,shop,8.0
2015-01-01,2015,vietnam-150101.osm.pbf,Linh Chiểu,education,16.0
2015-01-01,2015,vietnam-150101.osm.pbf,Bình Trưng Đông,education,6.0
2015-01-01,2015,vietnam-150101.osm.pbf,Linh Trung,education,14.0
2015-01-01,2015,vietnam-150101.osm.pbf,Long Trường,education,6.0
2015-01-01,2015,vietnam-150101.osm.pbf,Long Trường,religious_premises,2.0
2015-01-01,2015,vietnam-150101.osm.pbf,Thảo Điền,food_outlet,6.0
2015-01-01,2015,vietnam-150101.osm.pbf,Thảo Điền,shop,6.0
2015-01-01,2015,vietnam-150101.osm.pbf,An Phú,religious_premises,2.0
2015-01-01,2015,vietnam-150101.osm.pbf,Long Bình,food_outlet,2.0
2015-01-01,2015,vietnam-150101.osm.pbf,Long Bình,shop,2.0
2015-01-01,2015,vietnam-150101.osm.pbf,Long Thạnh Mỹ,shop,2.0
2015-01-01,2015,vietnam-150101.osm.pbf,Trường Thạnh,food_outlet,6.0
2015-01-01,2015,vietnam-150101.osm.pbf,Phú Hữu,shop,2.0
2015-01-01,2015,vietnam-150101.osm.pbf,Bình Trưng Tây,shop,2.0
2015-01-01,2015,vietnam-150101.osm.pbf,Bình Trưng Tây,education,2.0
2015-01-01,2015,vietnam-150101.osm.pbf,Long Thạnh Mỹ,religious_premises,4.0
2015-01-01,2015,vietnam-150101.osm.pbf,Phú Hữu,education,4.0
2015-01-01,2015,vietnam-150101.osm.pbf,Tăng Nhơn Phú B,education,4.0
2015-01-01,2015,vietnam-150101.osm.pbf,Tăng Nhơn Phú B,marketplace,2.0
2015-01-01,2015,vietnam-150101.osm.pbf,Tăng Nhơn Phú B,health,2.0
2015-01-01,2015,vietnam-150101.osm.pbf,Tăng Nhơn Phú B,religious_premises,2.0
2015-01-01,2015,vietnam-150101.osm.pbf,An Khánh,marketplace,2.0
2015-01-01,2015,vietnam-150101.osm.pbf,Bình Thọ,education,20.0
2015-01-01,2015,vietnam-150101.osm.pbf,Linh Trung,religious_premises,6.0
2015-01-01,2015,vietnam-150101.osm.pbf,Linh Chiểu,food_outlet,10.0
2015-01-01,2015,vietnam-150101.osm.pbf,Bình Trưng Đông,food_outlet,2.0
2015-01-01,2015,vietnam-150101.osm.pbf,Bình Trưng Đông,shop,2.0
2015-01-01,2015,vietnam-150101.osm.pbf,Bình Thọ,shop,68.0
2015-01-01,2015,vietnam-150101.osm.pbf,Linh Chiểu,shop,6.0
2015-01-01,2015,vietnam-150101.osm.pbf,Bình Thọ,health,8.0
2015-01-01,2015,vietnam-150101.osm.pbf,Linh Chiểu,health,4.0
2015-01-01,2015,vietnam-150101.osm.pbf,Linh Trung,health,4.0
2015-01-01,2015,vietnam-150101.osm.pbf,Linh Tây,shop,4.0
2015-01-01,2015,vietnam-150101.osm.pbf,Hiệp Phú,health,2.0
2015-01-01,2015,vietnam-150101.osm.pbf,Bình Thọ,religious_premises,4.0
2015-01-01,2015,vietnam-150101.osm.pbf,Long Thạnh Mỹ,public_space,2.0
2015-01-01,2015,vietnam-150101.osm.pbf,Long Bình,public_space,10.0
2015-01-01,2015,vietnam-150101.osm.pbf,An Phú,education,6.0
2015-01-01,2015,vietnam-150101.osm.pbf,An Phú,public_space,4.0
2015-01-01,2015,vietnam-150101.osm.pbf,Cát Lái,public_space,4.0
2015-01-01,2015,vietnam-150101.osm.pbf,Thạnh Mỹ Lợi,public_space,6.0
2015-01-01,2015,vietnam-150101.osm.pbf,Hiệp Phú,shop,10.0
2015-01-01,2015,vietnam-150101.osm.pbf,Linh Chiểu,public_space,26.0
2015-01-01,2015,vietnam-150101.osm.pbf,Linh Trung,public_space,26.0
2015-01-01,2015,vietnam-150101.osm.pbf,Thảo Điền,education,4.0
2015-01-01,2015,vietnam-150101.osm.pbf,Linh Tây,public_space,2.0
2015-01-01,2015,vietnam-150101.osm.pbf,Long Bình,religious_premises,6.0
2015-01-01,2015,vietnam-150101.osm.pbf,Long Bình,education,2.0
2015-01-01,2015,vietnam-150101.osm.pbf,Linh Trung,food_outlet,6.0
2015-01-01,2015,vietnam-150101.osm.pbf,Tân Phú,religious_premises,6.0
2015-01-01,2015,vietnam-150101.osm.pbf,Tân Phú,education,4.0
2015-01-01,2015,vietnam-150101.osm.pbf,Long Thạnh Mỹ,education,4.0
2015-01-01,2015,vietnam-150101.osm.pbf,Tân Phú,marketplace,2.0
2015-01-01,2015,vietnam-150101.osm.pbf,Tam Phú,education,6.0
2015-01-01,2015,vietnam-150101.osm.pbf,Tam Bình,health,2.0
2015-01-01,2015,vietnam-150101.osm.pbf,Linh Trung,shop,2.0
2015-01-01,2015,vietnam-150101.osm.pbf,Tân Phú,public_space,2.0
2015-01-01,2015,vietnam-150101.osm.pbf,Hiệp Phú,education,6.0
2015-01-01,2015,vietnam-150101.osm.pbf,Tam Bình,marketplace,2.0
2015-01-01,2015,vietnam-150101.osm.pbf,Bình Thọ,public_space,4.0
2015-01-01,2015,vietnam-150101.osm.pbf,Trường Thọ,marketplace,2.0
2015-01-01,2015,vietnam-150101.osm.pbf,Thủ Thiêm,religious_premises,4.0
2015-01-01,2015,vietnam-150101.osm.pbf,Tam Bình,religious_premises,2.0
2015-01-01,2015,vietnam-150101.osm.pbf,Tam Bình,shop,2.0
2015-01-01,2015,vietnam-150101.osm.pbf,Thảo Điền,public_space,6.0
2015-01-01,2015,vietnam-150101.osm.pbf,Hiệp Bình Phước,education,2.0
2015-01-01,2015,vietnam-150101.osm.pbf,Phước Long A,public_space,2.0
2015-01-01,2015,vietnam-150101.osm.pbf,Tăng Nhơn Phú B,public_space,8.0
2015-01-01,2015,vietnam-150101.osm.pbf,Tăng Nhơn Phú A,public_space,6.0
2015-01-01,2015,vietnam-150101.osm.pbf,Phước Long B,public_space,2.0
2015-01-01,2015,vietnam-150101.osm.pbf,Phước Long B,education,2.0
2015-01-01,2015,vietnam-150101.osm.pbf,Linh Chiểu,religious_premises,2.0
2015-01-01,2015,vietnam-150101.osm.pbf,Linh Tây,education,2.0
2015-01-01,2015,vietnam-150101.osm.pbf,Hiệp Bình Phước,public_space,12.0
2015-01-01,2015,vietnam-150101.osm.pbf,Hiệp Bình Chánh,public_space,2.0
2015-01-01,2015,vietnam-150101.osm.pbf,Phước Bình,marketplace,2.0
2015-01-01,2015,vietnam-150101.osm.pbf,Phước Bình,health,2.0
2015-01-01,2015,vietnam-150101.osm.pbf,Phước Bình,religious_premises,4.0
2015-01-01,2015,vietnam-150101.osm.pbf,Linh Đông,public_space,2.0
2015-01-01,2015,vietnam-150101.osm.pbf,Tam Bình,public_space,6.0
2015-01-01,2015,vietnam-150101.osm.pbf,Bình Thọ,marketplace,2.0
2015-01-01,2015,vietnam-150101.osm.pbf,Trường Thọ,religious_premises,2.0
2015-01-01,2015,vietnam-150101.osm.pbf,Linh Xuân,road_km,56.453
2015-01-01,2015,vietnam-150101.osm.pbf,Linh Tây,road_km,23.284
2015-01-01,2015,vietnam-150101.osm.pbf,Linh Trung,road_km,146.496
2015-01-01,2015,vietnam-150101.osm.pbf,Bình Trưng Đông,road_km,51.451
2015-01-01,2015,vietnam-150101.osm.pbf,Phước Bình,road_km,25.68
2015-01-01,2015,vietnam-150101.osm.pbf,Hiệp Phú,road_km,65.897
2015-01-01,2015,vietnam-150101.osm.pbf,Long Phước,road_km,46.506
2015-01-01,2015,vietnam-150101.osm.pbf,Bình Thọ,road_km,44.217
2015-01-01,2015,vietnam-150101.osm.pbf,Cát Lái,road_km,98.052
2015-01-01,2015,vietnam-150101.osm.pbf,An Khánh,road_km,68.793
2015-01-01,2015,vietnam-150101.osm.pbf,Tăng Nhơn Phú A,road_km,64.385
2015-01-01,2015,vietnam-150101.osm.pbf,Linh Chiểu,road_km,28.35
2015-01-01,2015,vietnam-150101.osm.pbf,Long Bình,road_km,113.682
2015-01-01,2015,vietnam-150101.osm.pbf,An Phú,road_km,156.775
2015-01-01,2015,vietnam-150101.osm.pbf,Thảo Điền,road_km,62.322
2015-01-01,2015,vietnam-150101.osm.pbf,Long Thạnh Mỹ,road_km,93.274
2015-01-01,2015,vietnam-150101.osm.pbf,Trường Thạnh,road_km,60.693
2015-01-01,2015,vietnam-150101.osm.pbf,Trường Thọ,road_km,49.752
2015-01-01,2015,vietnam-150101.osm.pbf,Tăng Nhơn Phú B,road_km,35.263
2015-01-01,2015,vietnam-150101.osm.pbf,Tân Phú,road_km,65.533
2015-01-01,2015,vietnam-150101.osm.pbf,Linh Đông,road_km,46.254
2015-01-01,2015,vietnam-150101.osm.pbf,Hiệp Bình Chánh,road_km,130.359
2015-01-01,2015,vietnam-150101.osm.pbf,Tam Phú,road_km,38.737
2015-01-01,2015,vietnam-150101.osm.pbf,Bình Chiểu,road_km,61.282
2015-01-01,2015,vietnam-150101.osm.pbf,Phước Long B,road_km,154.879
2015-01-01,2015,vietnam-150101.osm.pbf,Phước Long A,road_km,44.223
2015-01-01,2015,vietnam-150101.osm.pbf,Tam Bình,road_km,30.663
2015-01-01,2015,vietnam-150101.osm.pbf,Phú Hữu,road_km,111.456
2015-01-01,2015,vietnam-150101.osm.pbf,Thạnh Mỹ Lợi,road_km,168.161
2015-01-01,2015,vietnam-150101.osm.pbf,Hiệp Bình Phước,road_km,87.097
2015-01-01,2015,vietnam-150101.osm.pbf,Thủ Thiêm,road_km,26.75
2015-01-01,2015,vietnam-150101.osm.pbf,An Lợi Đông,road_km,22.692
2015-01-01,2015,vietnam-150101.osm.pbf,Long Trường,road_km,38.571
2015-01-01,2015,vietnam-150101.osm.pbf,Bình Trưng Tây,road_km,26.474
2016-01-01,2016,vietnam-160101.osm.pbf,An Khánh,religious_premises,2.0
2016-01-01,2016,vietnam-160101.osm.pbf,Bình Thọ,food_outlet,38.0
2016-01-01,2016,vietnam-160101.osm.pbf,Hiệp Phú,food_outlet,6.0
2016-01-01,2016,vietnam-160101.osm.pbf,Linh Đông,food_outlet,2.0
2016-01-01,2016,vietnam-160101.osm.pbf,Tân Phú,shop,4.0
2016-01-01,2016,vietnam-160101.osm.pbf,An Khánh,food_outlet,4.0
2016-01-01,2016,vietnam-160101.osm.pbf,An Phú,food_outlet,4.0
2016-01-01,2016,vietnam-160101.osm.pbf,Trường Thọ,shop,4.0
2016-01-01,2016,vietnam-160101.osm.pbf,Trường Thọ,food_outlet,4.0
2016-01-01,2016,vietnam-160101.osm.pbf,Phước Long B,food_outlet,2.0
2016-01-01,2016,vietnam-160101.osm.pbf,An Phú,shop,8.0
2016-01-01,2016,vietnam-160101.osm.pbf,Bình Trưng Đông,education,6.0
2016-01-01,2016,vietnam-160101.osm.pbf,Linh Trung,education,16.0
2016-01-01,2016,vietnam-160101.osm.pbf,Long Trường,education,6.0
2016-01-01,2016,vietnam-160101.osm.pbf,Long Trường,religious_premises,2.0
2016-01-01,2016,vietnam-160101.osm.pbf,Thảo Điền,food_outlet,12.0
2016-01-01,2016,vietnam-160101.osm.pbf,Thảo Điền,shop,12.0
2016-01-01,2016,vietnam-160101.osm.pbf,An Phú,religious_premises,2.0
2016-01-01,2016,vietnam-160101.osm.pbf,Long Bình,food_outlet,2.0
2016-01-01,2016,vietnam-160101.osm.pbf,Long Bình,shop,2.0
2016-01-01,2016,vietnam-160101.osm.pbf,Long Thạnh Mỹ,shop,2.0
2016-01-01,2016,vietnam-160101.osm.pbf,Trường Thạnh,food_outlet,6.0
2016-01-01,2016,vietnam-160101.osm.pbf,Phú Hữu,shop,2.0
2016-01-01,2016,vietnam-160101.osm.pbf,Bình Trưng Tây,shop,2.0
2016-01-01,2016,vietnam-160101.osm.pbf,Bình Trưng Tây,education,2.0
2016-01-01,2016,vietnam-160101.osm.pbf,Phú Hữu,education,4.0
2016-01-01,2016,vietnam-160101.osm.pbf,Tăng Nhơn Phú B,education,4.0
2016-01-01,2016,vietnam-160101.osm.pbf,Tăng Nhơn Phú B,marketplace,2.0
2016-01-01,2016,vietnam-160101.osm.pbf,Tăng Nhơn Phú B,health,2.0
2016-01-01,2016,vietnam-160101.osm.pbf,Tăng Nhơn Phú B,religious_premises,2.0
2016-01-01,2016,vietnam-160101.osm.pbf,An Khánh,marketplace,2.0
2016-01-01,2016,vietnam-160101.osm.pbf,Bình Thọ,education,20.0
2016-01-01,2016,vietnam-160101.osm.pbf,Linh Trung,religious_premises,6.0
2016-01-01,2016,vietnam-160101.osm.pbf,Linh Chiểu,food_outlet,10.0
2016-01-01,2016,vietnam-160101.osm.pbf,Bình Trưng Đông,food_outlet,2.0
2016-01-01,2016,vietnam-160101.osm.pbf,Bình Trưng Đông,shop,8.0
2016-01-01,2016,vietnam-160101.osm.pbf,Bình Thọ,shop,72.0
2016-01-01,2016,vietnam-160101.osm.pbf,Linh Chiểu,shop,6.0
2016-01-01,2016,vietnam-160101.osm.pbf,Bình Thọ,health,8.0
2016-01-01,2016,vietnam-160101.osm.pbf,Linh Chiểu,health,4.0
2016-01-01,2016,vietnam-160101.osm.pbf,Linh Trung,health,6.0
2016-01-01,2016,vietnam-160101.osm.pbf,Linh Tây,shop,4.0
2016-01-01,2016,vietnam-160101.osm.pbf,Hiệp Phú,health,2.0
2016-01-01,2016,vietnam-160101.osm.pbf,Bình Thọ,religious_premises,4.0
2016-01-01,2016,vietnam-160101.osm.pbf,Hiệp Phú,shop,12.0
2016-01-01,2016,vietnam-160101.osm.pbf,Linh Trung,food_outlet,8.0
2016-01-01,2016,vietnam-160101.osm.pbf,Linh Xuân,religious_premises,2.0
2016-01-01,2016,vietnam-160101.osm.pbf,Bình Trưng Đông,religious_premises,6.0
2016-01-01,2016,vietnam-160101.osm.pbf,Bình Trưng Đông,public_space,4.0
2016-01-01,2016,vietnam-160101.osm.pbf,Hiệp Bình Chánh,shop,2.0
2016-01-01,2016,vietnam-160101.osm.pbf,An Phú,education,8.0
2016-01-01,2016,vietnam-160101.osm.pbf,An Phú,public_space,6.0
2016-01-01,2016,vietnam-160101.osm.pbf,Cát Lái,public_space,4.0
2016-01-01,2016,vietnam-160101.osm.pbf,Thạnh Mỹ Lợi,public_space,14.0
2016-01-01,2016,vietnam-160101.osm.pbf,Linh Chiểu,education,14.0
2016-01-01,2016,vietnam-160101.osm.pbf,Linh Chiểu,public_space,26.0
2016-01-01,2016,vietnam-160101.osm.pbf,Linh Trung,public_space,26.0
2016-01-01,2016,vietnam-160101.osm.pbf,Thảo Điền,education,8.0
2016-01-01,2016,vietnam-160101.osm.pbf,Linh Tây,public_space,2.0
2016-01-01,2016,vietnam-160101.osm.pbf,Long Bình,religious_premises,8.0
2016-01-01,2016,vietnam-160101.osm.pbf,Long Bình,education,2.0
2016-01-01,2016,vietnam-160101.osm.pbf,Long Bình,public_space,10.0
2016-01-01,2016,vietnam-160101.osm.pbf,Tân Phú,religious_premises,6.0
2016-01-01,2016,vietnam-160101.osm.pbf,Tân Phú,education,4.0
2016-01-01,2016,vietnam-160101.osm.pbf,Long Thạnh Mỹ,education,8.0
2016-01-01,2016,vietnam-160101.osm.pbf,Tân Phú,marketplace,2.0
2016-01-01,2016,vietnam-160101.osm.pbf,Tam Phú,education,6.0
2016-01-01,2016,vietnam-160101.osm.pbf,Tam Bình,health,2.0
2016-01-01,2016,vietnam-160101.osm.pbf,Linh Trung,shop,2.0
2016-01-01,2016,vietnam-160101.osm.pbf,Tân Phú,public_space,2.0
2016-01-01,2016,vietnam-160101.osm.pbf,Hiệp Phú,education,6.0
2016-01-01,2016,vietnam-160101.osm.pbf,Long Thạnh Mỹ,religious_premises,8.0
2016-01-01,2016,vietnam-160101.osm.pbf,Tam Bình,marketplace,2.0
2016-01-01,2016,vietnam-160101.osm.pbf,Bình Thọ,public_space,4.0
2016-01-01,2016,vietnam-160101.osm.pbf,Trường Thọ,marketplace,2.0
2016-01-01,2016,vietnam-160101.osm.pbf,Thủ Thiêm,religious_premises,6.0
2016-01-01,2016,vietnam-160101.osm.pbf,Tam Bình,religious_premises,2.0
2016-01-01,2016,vietnam-160101.osm.pbf,Tam Bình,shop,2.0
2016-01-01,2016,vietnam-160101.osm.pbf,Thảo Điền,public_space,22.0
2016-01-01,2016,vietnam-160101.osm.pbf,Hiệp Bình Phước,education,2.0
2016-01-01,2016,vietnam-160101.osm.pbf,Phước Long A,public_space,2.0
2016-01-01,2016,vietnam-160101.osm.pbf,Tăng Nhơn Phú B,public_space,8.0
2016-01-01,2016,vietnam-160101.osm.pbf,Tăng Nhơn Phú A,public_space,6.0
2016-01-01,2016,vietnam-160101.osm.pbf,Phước Long B,public_space,2.0
2016-01-01,2016,vietnam-160101.osm.pbf,Phước Long B,education,2.0
2016-01-01,2016,vietnam-160101.osm.pbf,Linh Chiểu,religious_premises,2.0
2016-01-01,2016,vietnam-160101.osm.pbf,Linh Tây,education,2.0
2016-01-01,2016,vietnam-160101.osm.pbf,Hiệp Bình Phước,public_space,12.0
2016-01-01,2016,vietnam-160101.osm.pbf,Hiệp Bình Chánh,public_space,2.0
2016-01-01,2016,vietnam-160101.osm.pbf,Phước Bình,marketplace,2.0
2016-01-01,2016,vietnam-160101.osm.pbf,Phước Bình,health,2.0
2016-01-01,2016,vietnam-160101.osm.pbf,Phước Bình,religious_premises,4.0
2016-01-01,2016,vietnam-160101.osm.pbf,Linh Đông,public_space,4.0
2016-01-01,2016,vietnam-160101.osm.pbf,Tam Bình,public_space,6.0
2016-01-01,2016,vietnam-160101.osm.pbf,Bình Thọ,marketplace,2.0
2016-01-01,2016,vietnam-160101.osm.pbf,Trường Thọ,religious_premises,2.0
2016-01-01,2016,vietnam-160101.osm.pbf,Hiệp Bình Chánh,education,4.0
2016-01-01,2016,vietnam-160101.osm.pbf,Hiệp Bình Chánh,marketplace,2.0
2016-01-01,2016,vietnam-160101.osm.pbf,Hiệp Bình Phước,food_outlet,6.0
2016-01-01,2016,vietnam-160101.osm.pbf,Trường Thọ,public_space,2.0
2016-01-01,2016,vietnam-160101.osm.pbf,Thảo Điền,marketplace,2.0
2016-01-01,2016,vietnam-160101.osm.pbf,Thủ Thiêm,public_space,4.0
2016-01-01,2016,vietnam-160101.osm.pbf,Bình Trưng Tây,public_space,4.0
2016-01-01,2016,vietnam-160101.osm.pbf,Thạnh Mỹ Lợi,health,2.0
2016-01-01,2016,vietnam-160101.osm.pbf,Thạnh Mỹ Lợi,religious_premises,2.0
2016-01-01,2016,vietnam-160101.osm.pbf,Thạnh Mỹ Lợi,marketplace,2.0
2016-01-01,2016,vietnam-160101.osm.pbf,Thạnh Mỹ Lợi,education,4.0
2016-01-01,2016,vietnam-160101.osm.pbf,Linh Xuân,road_km,66.894
2016-01-01,2016,vietnam-160101.osm.pbf,Linh Tây,road_km,41.917
2016-01-01,2016,vietnam-160101.osm.pbf,Linh Trung,road_km,159.482
2016-01-01,2016,vietnam-160101.osm.pbf,Bình Trưng Đông,road_km,58.384
2016-01-01,2016,vietnam-160101.osm.pbf,Phước Bình,road_km,26.386
2016-01-01,2016,vietnam-160101.osm.pbf,Hiệp Phú,road_km,64.708
2016-01-01,2016,vietnam-160101.osm.pbf,Long Phước,road_km,46.506
2016-01-01,2016,vietnam-160101.osm.pbf,Bình Thọ,road_km,45.913
2016-01-01,2016,vietnam-160101.osm.pbf,Cát Lái,road_km,104.676
2016-01-01,2016,vietnam-160101.osm.pbf,An Khánh,road_km,76.418
2016-01-01,2016,vietnam-160101.osm.pbf,Tăng Nhơn Phú A,road_km,64.385
2016-01-01,2016,vietnam-160101.osm.pbf,Linh Chiểu,road_km,31.582
2016-01-01,2016,vietnam-160101.osm.pbf,Long Bình,road_km,117.477
2016-01-01,2016,vietnam-160101.osm.pbf,An Phú,road_km,169.842
2016-01-01,2016,vietnam-160101.osm.pbf,Thảo Điền,road_km,83.048
2016-01-01,2016,vietnam-160101.osm.pbf,Long Thạnh Mỹ,road_km,86.049
2016-01-01,2016,vietnam-160101.osm.pbf,Trường Thạnh,road_km,60.714
2016-01-01,2016,vietnam-160101.osm.pbf,Trường Thọ,road_km,60.867
2016-01-01,2016,vietnam-160101.osm.pbf,Tăng Nhơn Phú B,road_km,35.259
2016-01-01,2016,vietnam-160101.osm.pbf,Tân Phú,road_km,73.399
2016-01-01,2016,vietnam-160101.osm.pbf,Linh Đông,road_km,52.265
2016-01-01,2016,vietnam-160101.osm.pbf,Hiệp Bình Chánh,road_km,135.869
2016-01-01,2016,vietnam-160101.osm.pbf,Tam Phú,road_km,38.603
2016-01-01,2016,vietnam-160101.osm.pbf,Bình Chiểu,road_km,87.8
2016-01-01,2016,vietnam-160101.osm.pbf,Phước Long B,road_km,164.051
2016-01-01,2016,vietnam-160101.osm.pbf,Phước Long A,road_km,42.582
2016-01-01,2016,vietnam-160101.osm.pbf,Tam Bình,road_km,37.975
2016-01-01,2016,vietnam-160101.osm.pbf,Phú Hữu,road_km,124.117
2016-01-01,2016,vietnam-160101.osm.pbf,Thạnh Mỹ Lợi,road_km,173.15
2016-01-01,2016,vietnam-160101.osm.pbf,Hiệp Bình Phước,road_km,88.814
2016-01-01,2016,vietnam-160101.osm.pbf,Thủ Thiêm,road_km,26.773
2016-01-01,2016,vietnam-160101.osm.pbf,An Lợi Đông,road_km,38.591
2016-01-01,2016,vietnam-160101.osm.pbf,Long Trường,road_km,29.799
2016-01-01,2016,vietnam-160101.osm.pbf,Bình Trưng Tây,road_km,28.716
2017-01-01,2017,vietnam-170101.osm.pbf,An Khánh,religious_premises,2.0
2017-01-01,2017,vietnam-170101.osm.pbf,Bình Thọ,food_outlet,42.0
2017-01-01,2017,vietnam-170101.osm.pbf,Hiệp Phú,food_outlet,20.0
2017-01-01,2017,vietnam-170101.osm.pbf,Linh Đông,food_outlet,2.0
2017-01-01,2017,vietnam-170101.osm.pbf,Tân Phú,shop,4.0
2017-01-01,2017,vietnam-170101.osm.pbf,An Khánh,food_outlet,12.0
2017-01-01,2017,vietnam-170101.osm.pbf,An Phú,food_outlet,8.0
2017-01-01,2017,vietnam-170101.osm.pbf,Trường Thọ,shop,6.0
2017-01-01,2017,vietnam-170101.osm.pbf,Trường Thọ,food_outlet,4.0
2017-01-01,2017,vietnam-170101.osm.pbf,Phước Long B,food_outlet,2.0
2017-01-01,2017,vietnam-170101.osm.pbf,An Phú,shop,8.0
2017-01-01,2017,vietnam-170101.osm.pbf,Bình Trưng Đông,education,6.0
2017-01-01,2017,vietnam-170101.osm.pbf,Linh Trung,education,20.0
2017-01-01,2017,vietnam-170101.osm.pbf,Long Trường,education,6.0
2017-01-01,2017,vietnam-170101.osm.pbf,Long Trường,religious_premises,2.0
2017-01-01,2017,vietnam-170101.osm.pbf,Thảo Điền,food_outlet,44.0
2017-01-01,2017,vietnam-170101.osm.pbf,Thảo Điền,shop,32.0
2017-01-01,2017,vietnam-170101.osm.pbf,An Phú,religious_premises,4.0
2017-01-01,2017,vietnam-170101.osm.pbf,Long Bình,food_outlet,4.0
2017-01-01,2017,vietnam-170101.osm.pbf,Long Bình,shop,2.0
2017-01-01,2017,vietnam-170101.osm.pbf,Long Thạnh Mỹ,shop,4.0
2017-01-01,2017,vietnam-170101.osm.pbf,Trường Thạnh,food_outlet,6.0
2017-01-01,2017,vietnam-170101.osm.pbf,Phú Hữu,shop,2.0
2017-01-01,2017,vietnam-170101.osm.pbf,Bình Trưng Tây,shop,2.0
2017-01-01,2017,vietnam-170101.osm.pbf,Bình Trưng Tây,education,2.0
2017-01-01,2017,vietnam-170101.osm.pbf,Phú Hữu,education,4.0
2017-01-01,2017,vietnam-170101.osm.pbf,Tăng Nhơn Phú B,education,6.0
2017-01-01,2017,vietnam-170101.osm.pbf,Tăng Nhơn Phú B,marketplace,2.0
2017-01-01,2017,vietnam-170101.osm.pbf,Tăng Nhơn Phú B,health,4.0
2017-01-01,2017,vietnam-170101.osm.pbf,Tăng Nhơn Phú B,religious_premises,4.0
2017-01-01,2017,vietnam-170101.osm.pbf,An Khánh,marketplace,2.0
2017-01-01,2017,vietnam-170101.osm.pbf,Bình Thọ,education,22.0
2017-01-01,2017,vietnam-170101.osm.pbf,Linh Trung,religious_premises,6.0
2017-01-01,2017,vietnam-170101.osm.pbf,Linh Chiểu,food_outlet,12.0
2017-01-01,2017,vietnam-170101.osm.pbf,Bình Trưng Đông,food_outlet,2.0
2017-01-01,2017,vietnam-170101.osm.pbf,Bình Trưng Đông,shop,10.0
2017-01-01,2017,vietnam-170101.osm.pbf,Bình Thọ,shop,74.0
2017-01-01,2017,vietnam-170101.osm.pbf,Linh Chiểu,shop,6.0
2017-01-01,2017,vietnam-170101.osm.pbf,Bình Thọ,health,8.0
2017-01-01,2017,vietnam-170101.osm.pbf,Linh Chiểu,health,4.0
2017-01-01,2017,vietnam-170101.osm.pbf,Linh Trung,health,6.0
2017-01-01,2017,vietnam-170101.osm.pbf,Linh Tây,shop,4.0
2017-01-01,2017,vietnam-170101.osm.pbf,Hiệp Phú,health,2.0
2017-01-01,2017,vietnam-170101.osm.pbf,Bình Thọ,religious_premises,4.0
2017-01-01,2017,vietnam-170101.osm.pbf,Hiệp Phú,shop,28.0
2017-01-01,2017,vietnam-170101.osm.pbf,Linh Trung,food_outlet,8.0
2017-01-01,2017,vietnam-170101.osm.pbf,Linh Xuân,religious_premises,2.0
2017-01-01,2017,vietnam-170101.osm.pbf,Bình Trưng Đông,religious_premises,6.0
2017-01-01,2017,vietnam-170101.osm.pbf,Bình Trưng Đông,public_space,4.0
2017-01-01,2017,vietnam-170101.osm.pbf,Hiệp Bình Chánh,shop,8.0
2017-01-01,2017,vietnam-170101.osm.pbf,Linh Chiểu,public_space,28.0
2017-01-01,2017,vietnam-170101.osm.pbf,Thảo Điền,education,14.0
2017-01-01,2017,vietnam-170101.osm.pbf,Linh Đông,education,2.0
2017-01-01,2017,vietnam-170101.osm.pbf,Trường Thọ,religious_premises,4.0
2017-01-01,2017,vietnam-170101.osm.pbf,Long Bình,religious_premises,10.0
2017-01-01,2017,vietnam-170101.osm.pbf,Tăng Nhơn Phú A,religious_premises,4.0
2017-01-01,2017,vietnam-170101.osm.pbf,Bình Trưng Tây,food_outlet,2.0
2017-01-01,2017,vietnam-170101.osm.pbf,Phú Hữu,food_outlet,2.0
2017-01-01,2017,vietnam-170101.osm.pbf,Hiệp Bình Chánh,food_outlet,2.0
2017-01-01,2017,vietnam-170101.osm.pbf,Tăng Nhơn Phú B,shop,6.0
2017-01-01,2017,vietnam-170101.osm.pbf,Tăng Nhơn Phú B,food_outlet,12.0
2017-01-01,2017,vietnam-170101.osm.pbf,Tăng Nhơn Phú A,education,4.0
2017-01-01,2017,vietnam-170101.osm.pbf,Tăng Nhơn Phú A,shop,6.0
2017-01-01,2017,vietnam-170101.osm.pbf,Hiệp Phú,education,10.0
2017-01-01,2017,vietnam-170101.osm.pbf,Long Bình,education,4.0
2017-01-01,2017,vietnam-170101.osm.pbf,Hiệp Phú,religious_premises,2.0
2017-01-01,2017,vietnam-170101.osm.pbf,Tăng Nhơn Phú A,health,2.0
2017-01-01,2017,vietnam-170101.osm.pbf,Hiệp Bình Phước,public_space,14.0
2017-01-01,2017,vietnam-170101.osm.pbf,Hiệp Bình Phước,shop,4.0
2017-01-01,2017,vietnam-170101.osm.pbf,Hiệp Bình Phước,education,4.0
2017-01-01,2017,vietnam-170101.osm.pbf,Phước Long B,shop,4.0
2017-01-01,2017,vietnam-170101.osm.pbf,Tăng Nhơn Phú A,food_outlet,4.0
2017-01-01,2017,vietnam-170101.osm.pbf,Long Trường,shop,2.0
2017-01-01,2017,vietnam-170101.osm.pbf,An Lợi Đông,public_space,2.0
2017-01-01,2017,vietnam-170101.osm.pbf,Long Phước,religious_premises,2.0
2017-01-01,2017,vietnam-170101.osm.pbf,Linh Đông,shop,4.0
2017-01-01,2017,vietnam-170101.osm.pbf,An Khánh,shop,2.0
2017-01-01,2017,vietnam-170101.osm.pbf,Tam Bình,shop,4.0
2017-01-01,2017,vietnam-170101.osm.pbf,Trường Thạnh,shop,2.0
2017-01-01,2017,vietnam-170101.osm.pbf,Tam Phú,religious_premises,2.0
2017-01-01,2017,vietnam-170101.osm.pbf,Linh Xuân,education,2.0
2017-01-01,2017,vietnam-170101.osm.pbf,Linh Tây,food_outlet,2.0
2017-01-01,2017,vietnam-170101.osm.pbf,An Phú,education,8.0
2017-01-01,2017,vietnam-170101.osm.pbf,An Phú,public_space,6.0
2017-01-01,2017,vietnam-170101.osm.pbf,Cát Lái,public_space,4.0
2017-01-01,2017,vietnam-170101.osm.pbf,Thạnh Mỹ Lợi,public_space,14.0
2017-01-01,2017,vietnam-170101.osm.pbf,Linh Chiểu,education,16.0
2017-01-01,2017,vietnam-170101.osm.pbf,Linh Trung,public_space,26.0
2017-01-01,2017,vietnam-170101.osm.pbf,Linh Tây,public_space,2.0
2017-01-01,2017,vietnam-170101.osm.pbf,Long Bình,public_space,10.0
2017-01-01,2017,vietnam-170101.osm.pbf,Tân Phú,religious_premises,6.0
2017-01-01,2017,vietnam-170101.osm.pbf,Tân Phú,education,4.0
2017-01-01,2017,vietnam-170101.osm.pbf,Long Thạnh Mỹ,education,8.0
2017-01-01,2017,vietnam-170101.osm.pbf,Tân Phú,marketplace,2.0
2017-01-01,2017,vietnam-170101.osm.pbf,Tam Phú,education,6.0
2017-01-01,2017,vietnam-170101.osm.pbf,Tam Bình,health,2.0
2017-01-01,2017,vietnam-170101.osm.pbf,Linh Trung,shop,2.0
2017-01-01,2017,vietnam-170101.osm.pbf,Tân Phú,public_space,4.0
2017-01-01,2017,vietnam-170101.osm.pbf,Long Thạnh Mỹ,religious_premises,8.0
2017-01-01,2017,vietnam-170101.osm.pbf,Tam Bình,marketplace,2.0
2017-01-01,2017,vietnam-170101.osm.pbf,Bình Thọ,public_space,4.0
2017-01-01,2017,vietnam-170101.osm.pbf,Trường Thọ,marketplace,2.0
2017-01-01,2017,vietnam-170101.osm.pbf,Thủ Thiêm,religious_premises,8.0
2017-01-01,2017,vietnam-170101.osm.pbf,Tam Bình,religious_premises,2.0
2017-01-01,2017,vietnam-170101.osm.pbf,Thảo Điền,public_space,24.0
2017-01-01,2017,vietnam-170101.osm.pbf,Phước Long A,public_space,2.0
2017-01-01,2017,vietnam-170101.osm.pbf,Tăng Nhơn Phú B,public_space,8.0
2017-01-01,2017,vietnam-170101.osm.pbf,Tăng Nhơn Phú A,public_space,6.0
2017-01-01,2017,vietnam-170101.osm.pbf,Phước Long B,public_space,2.0
2017-01-01,2017,vietnam-170101.osm.pbf,Phước Long B,education,4.0
2017-01-01,2017,vietnam-170101.osm.pbf,Linh Chiểu,religious_premises,2.0
2017-01-01,2017,vietnam-170101.osm.pbf,Linh Tây,education,4.0
2017-01-01,2017,vietnam-170101.osm.pbf,Hiệp Bình Chánh,public_space,2.0
2017-01-01,2017,vietnam-170101.osm.pbf,Phước Bình,marketplace,2.0
2017-01-01,2017,vietnam-170101.osm.pbf,Phước Bình,health,2.0
2017-01-01,2017,vietnam-170101.osm.pbf,Phước Bình,religious_premises,4.0
2017-01-01,2017,vietnam-170101.osm.pbf,Linh Đông,public_space,4.0
2017-01-01,2017,vietnam-170101.osm.pbf,Tam Bình,public_space,6.0
2017-01-01,2017,vietnam-170101.osm.pbf,Bình Thọ,marketplace,2.0
2017-01-01,2017,vietnam-170101.osm.pbf,Hiệp Bình Chánh,education,4.0
2017-01-01,2017,vietnam-170101.osm.pbf,Hiệp Bình Chánh,marketplace,2.0
2017-01-01,2017,vietnam-170101.osm.pbf,Hiệp Bình Phước,food_outlet,6.0
2017-01-01,2017,vietnam-170101.osm.pbf,Trường Thọ,public_space,2.0
2017-01-01,2017,vietnam-170101.osm.pbf,Thảo Điền,marketplace,2.0
2017-01-01,2017,vietnam-170101.osm.pbf,Thủ Thiêm,public_space,4.0
2017-01-01,2017,vietnam-170101.osm.pbf,Bình Trưng Tây,public_space,4.0
2017-01-01,2017,vietnam-170101.osm.pbf,Thạnh Mỹ Lợi,health,2.0
2017-01-01,2017,vietnam-170101.osm.pbf,Thạnh Mỹ Lợi,religious_premises,2.0
2017-01-01,2017,vietnam-170101.osm.pbf,Thạnh Mỹ Lợi,marketplace,2.0
2017-01-01,2017,vietnam-170101.osm.pbf,Thạnh Mỹ Lợi,education,4.0
2017-01-01,2017,vietnam-170101.osm.pbf,Phước Bình,education,2.0
2017-01-01,2017,vietnam-170101.osm.pbf,Phước Long A,education,6.0
2017-01-01,2017,vietnam-170101.osm.pbf,Linh Xuân,road_km,72.055
2017-01-01,2017,vietnam-170101.osm.pbf,Linh Tây,road_km,47.268
2017-01-01,2017,vietnam-170101.osm.pbf,Linh Trung,road_km,155.603
2017-01-01,2017,vietnam-170101.osm.pbf,Bình Trưng Đông,road_km,58.384
2017-01-01,2017,vietnam-170101.osm.pbf,Phước Bình,road_km,26.389
2017-01-01,2017,vietnam-170101.osm.pbf,Hiệp Phú,road_km,66.145
2017-01-01,2017,vietnam-170101.osm.pbf,Long Phước,road_km,51.078
2017-01-01,2017,vietnam-170101.osm.pbf,Bình Thọ,road_km,47.385
2017-01-01,2017,vietnam-170101.osm.pbf,Cát Lái,road_km,110.748
2017-01-01,2017,vietnam-170101.osm.pbf,An Khánh,road_km,72.281
2017-01-01,2017,vietnam-170101.osm.pbf,Tăng Nhơn Phú A,road_km,65.097
2017-01-01,2017,vietnam-170101.osm.pbf,Linh Chiểu,road_km,30.041
2017-01-01,2017,vietnam-170101.osm.pbf,Long Bình,road_km,125.788
2017-01-01,2017,vietnam-170101.osm.pbf,An Phú,road_km,172.441
2017-01-01,2017,vietnam-170101.osm.pbf,Thảo Điền,road_km,85.54
2017-01-01,2017,vietnam-170101.osm.pbf,Long Thạnh Mỹ,road_km,98.084
2017-01-01,2017,vietnam-170101.osm.pbf,Trường Thạnh,road_km,61.0
2017-01-01,2017,vietnam-170101.osm.pbf,Trường Thọ,road_km,68.361
2017-01-01,2017,vietnam-170101.osm.pbf,Tăng Nhơn Phú B,road_km,44.453
2017-01-01,2017,vietnam-170101.osm.pbf,Tân Phú,road_km,61.255
2017-01-01,2017,vietnam-170101.osm.pbf,Linh Đông,road_km,55.042
2017-01-01,2017,vietnam-170101.osm.pbf,Hiệp Bình Chánh,road_km,154.641
2017-01-01,2017,vietnam-170101.osm.pbf,Tam Phú,road_km,39.338
2017-01-01,2017,vietnam-170101.osm.pbf,Bình Chiểu,road_km,87.879
2017-01-01,2017,vietnam-170101.osm.pbf,Phước Long B,road_km,164.358
2017-01-01,2017,vietnam-170101.osm.pbf,Phước Long A,road_km,42.618
2017-01-01,2017,vietnam-170101.osm.pbf,Tam Bình,road_km,38.541
2017-01-01,2017,vietnam-170101.osm.pbf,Phú Hữu,road_km,123.586
2017-01-01,2017,vietnam-170101.osm.pbf,Thạnh Mỹ Lợi,road_km,175.486
2017-01-01,2017,vietnam-170101.osm.pbf,Hiệp Bình Phước,road_km,88.963
2017-01-01,2017,vietnam-170101.osm.pbf,Thủ Thiêm,road_km,41.016
2017-01-01,2017,vietnam-170101.osm.pbf,An Lợi Đông,road_km,35.024
2017-01-01,2017,vietnam-170101.osm.pbf,Long Trường,road_km,29.945
2017-01-01,2017,vietnam-170101.osm.pbf,Bình Trưng Tây,road_km,29.893
2018-01-01,2018,vietnam-180101.osm.pbf,Bình Thọ,food_outlet,50.0
2018-01-01,2018,vietnam-180101.osm.pbf,Hiệp Phú,food_outlet,20.0
2018-01-01,2018,vietnam-180101.osm.pbf,Linh Đông,food_outlet,4.0
2018-01-01,2018,vietnam-180101.osm.pbf,An Khánh,food_outlet,12.0
2018-01-01,2018,vietnam-180101.osm.pbf,An Phú,food_outlet,10.0
2018-01-01,2018,vietnam-180101.osm.pbf,Trường Thọ,shop,460.0
2018-01-01,2018,vietnam-180101.osm.pbf,Trường Thọ,food_outlet,6.0
2018-01-01,2018,vietnam-180101.osm.pbf,Phước Long B,food_outlet,6.0
2018-01-01,2018,vietnam-180101.osm.pbf,An Phú,shop,32.0
2018-01-01,2018,vietnam-180101.osm.pbf,Bình Trưng Đông,education,10.0
2018-01-01,2018,vietnam-180101.osm.pbf,Linh Trung,education,28.0
2018-01-01,2018,vietnam-180101.osm.pbf,Long Trường,education,6.0
2018-01-01,2018,vietnam-180101.osm.pbf,Long Trường,religious_premises,2.0
2018-01-01,2018,vietnam-180101.osm.pbf,Thảo Điền,food_outlet,60.0
2018-01-01,2018,vietnam-180101.osm.pbf,Thảo Điền,shop,68.0
2018-01-01,2018,vietnam-180101.osm.pbf,An Phú,religious_premises,4.0
2018-01-01,2018,vietnam-180101.osm.pbf,Long Bình,food_outlet,6.0
2018-01-01,2018,vietnam-180101.osm.pbf,Long Bình,shop,2.0
2018-01-01,2018,vietnam-180101.osm.pbf,Long Thạnh Mỹ,shop,6.0
2018-01-01,2018,vietnam-180101.osm.pbf,Trường Thạnh,food_outlet,6.0
2018-01-01,2018,vietnam-180101.osm.pbf,Phú Hữu,shop,4.0
2018-01-01,2018,vietnam-180101.osm.pbf,Bình Trưng Tây,shop,10.0
2018-01-01,2018,vietnam-180101.osm.pbf,Bình Trưng Tây,education,4.0
2018-01-01,2018,vietnam-180101.osm.pbf,Phú Hữu,education,4.0
2018-01-01,2018,vietnam-180101.osm.pbf,Tăng Nhơn Phú B,education,6.0
2018-01-01,2018,vietnam-180101.osm.pbf,Tăng Nhơn Phú B,marketplace,2.0
2018-01-01,2018,vietnam-180101.osm.pbf,Tăng Nhơn Phú B,health,4.0
2018-01-01,2018,vietnam-180101.osm.pbf,Tăng Nhơn Phú B,religious_premises,4.0
2018-01-01,2018,vietnam-180101.osm.pbf,An Khánh,marketplace,2.0
2018-01-01,2018,vietnam-180101.osm.pbf,Bình Thọ,education,28.0
2018-01-01,2018,vietnam-180101.osm.pbf,Linh Chiểu,food_outlet,12.0
2018-01-01,2018,vietnam-180101.osm.pbf,Bình Trưng Đông,food_outlet,6.0
2018-01-01,2018,vietnam-180101.osm.pbf,Bình Trưng Đông,shop,12.0
2018-01-01,2018,vietnam-180101.osm.pbf,Bình Thọ,shop,88.0
2018-01-01,2018,vietnam-180101.osm.pbf,Linh Chiểu,shop,20.0
2018-01-01,2018,vietnam-180101.osm.pbf,Bình Thọ,health,8.0
2018-01-01,2018,vietnam-180101.osm.pbf,Linh Chiểu,health,4.0
2018-01-01,2018,vietnam-180101.osm.pbf,Linh Trung,health,6.0
2018-01-01,2018,vietnam-180101.osm.pbf,Linh Tây,shop,24.0
2018-01-01,2018,vietnam-180101.osm.pbf,Hiệp Phú,health,2.0
2018-01-01,2018,vietnam-180101.osm.pbf,Bình Thọ,religious_premises,12.0
2018-01-01,2018,vietnam-180101.osm.pbf,Hiệp Phú,shop,180.0
2018-01-01,2018,vietnam-180101.osm.pbf,Linh Trung,food_outlet,20.0
2018-01-01,2018,vietnam-180101.osm.pbf,Linh Xuân,religious_premises,12.0
2018-01-01,2018,vietnam-180101.osm.pbf,Bình Trưng Đông,religious_premises,6.0
2018-01-01,2018,vietnam-180101.osm.pbf,Bình Trưng Đông,public_space,4.0
2018-01-01,2018,vietnam-180101.osm.pbf,Hiệp Bình Chánh,shop,1980.0
2018-01-01,2018,vietnam-180101.osm.pbf,Linh Chiểu,public_space,28.0
2018-01-01,2018,vietnam-180101.osm.pbf,Hiệp Phú,education,20.0
2018-01-01,2018,vietnam-180101.osm.pbf,Thảo Điền,education,22.0
2018-01-01,2018,vietnam-180101.osm.pbf,Linh Đông,education,4.0
2018-01-01,2018,vietnam-180101.osm.pbf,Trường Thọ,religious_premises,4.0
2018-01-01,2018,vietnam-180101.osm.pbf,Long Bình,religious_premises,12.0
2018-01-01,2018,vietnam-180101.osm.pbf,Tăng Nhơn Phú A,religious_premises,4.0
2018-01-01,2018,vietnam-180101.osm.pbf,Bình Trưng Tây,food_outlet,2.0
2018-01-01,2018,vietnam-180101.osm.pbf,Phú Hữu,food_outlet,2.0
2018-01-01,2018,vietnam-180101.osm.pbf,Hiệp Bình Chánh,food_outlet,4.0
2018-01-01,2018,vietnam-180101.osm.pbf,Tăng Nhơn Phú B,shop,452.0
2018-01-01,2018,vietnam-180101.osm.pbf,Tăng Nhơn Phú B,food_outlet,12.0
2018-01-01,2018,vietnam-180101.osm.pbf,Tăng Nhơn Phú A,shop,334.0
2018-01-01,2018,vietnam-180101.osm.pbf,Long Bình,education,4.0
2018-01-01,2018,vietnam-180101.osm.pbf,Hiệp Phú,religious_premises,2.0
2018-01-01,2018,vietnam-180101.osm.pbf,Hiệp Bình Phước,public_space,14.0
2018-01-01,2018,vietnam-180101.osm.pbf,Hiệp Bình Phước,shop,20.0
2018-01-01,2018,vietnam-180101.osm.pbf,Phước Long B,shop,118.0
2018-01-01,2018,vietnam-180101.osm.pbf,Tăng Nhơn Phú A,food_outlet,4.0
2018-01-01,2018,vietnam-180101.osm.pbf,Long Trường,shop,8.0
2018-01-01,2018,vietnam-180101.osm.pbf,An Lợi Đông,public_space,12.0
2018-01-01,2018,vietnam-180101.osm.pbf,Long Phước,religious_premises,2.0
2018-01-01,2018,vietnam-180101.osm.pbf,Linh Đông,shop,34.0
2018-01-01,2018,vietnam-180101.osm.pbf,An Khánh,shop,30.0
2018-01-01,2018,vietnam-180101.osm.pbf,Tam Bình,shop,8.0
2018-01-01,2018,vietnam-180101.osm.pbf,Trường Thạnh,shop,4.0
2018-01-01,2018,vietnam-180101.osm.pbf,Tam Phú,religious_premises,2.0
2018-01-01,2018,vietnam-180101.osm.pbf,Linh Xuân,education,6.0
2018-01-01,2018,vietnam-180101.osm.pbf,Linh Tây,food_outlet,4.0
2018-01-01,2018,vietnam-180101.osm.pbf,Thạnh Mỹ Lợi,shop,6.0
2018-01-01,2018,vietnam-180101.osm.pbf,Bình Trưng Tây,health,6.0
2018-01-01,2018,vietnam-180101.osm.pbf,Bình Trưng Đông,health,2.0
2018-01-01,2018,vietnam-180101.osm.pbf,Thạnh Mỹ Lợi,public_space,16.0
2018-01-01,2018,vietnam-180101.osm.pbf,Linh Chiểu,education,20.0
2018-01-01,2018,vietnam-180101.osm.pbf,An Khánh,education,6.0
2018-01-01,2018,vietnam-180101.osm.pbf,An Phú,education,16.0
2018-01-01,2018,vietnam-180101.osm.pbf,Tân Phú,food_outlet,4.0
2018-01-01,2018,vietnam-180101.osm.pbf,Linh Trung,shop,56.0
2018-01-01,2018,vietnam-180101.osm.pbf,Tam Phú,health,4.0
2018-01-01,2018,vietnam-180101.osm.pbf,Tam Phú,shop,22.0
2018-01-01,2018,vietnam-180101.osm.pbf,Linh Xuân,shop,1040.0
2018-01-01,2018,vietnam-180101.osm.pbf,Bình Chiểu,shop,814.0
2018-01-01,2018,vietnam-180101.osm.pbf,Phước Long A,shop,60.0
2018-01-01,2018,vietnam-180101.osm.pbf,Phước Bình,shop,10.0
2018-01-01,2018,vietnam-180101.osm.pbf,Hiệp Bình Chánh,education,6.0
2018-01-01,2018,vietnam-180101.osm.pbf,Hiệp Bình Phước,education,8.0
2018-01-01,2018,vietnam-180101.osm.pbf,Cát Lái,education,2.0
2018-01-01,2018,vietnam-180101.osm.pbf,Cát Lái,shop,12.0
2018-01-01,2018,vietnam-180101.osm.pbf,Linh Xuân,food_outlet,2.0
2018-01-01,2018,vietnam-180101.osm.pbf,Linh Trung,public_space,54.0
2018-01-01,2018,vietnam-180101.osm.pbf,Tam Phú,food_outlet,2.0
2018-01-01,2018,vietnam-180101.osm.pbf,Linh Trung,religious_premises,10.0
2018-01-01,2018,vietnam-180101.osm.pbf,Tam Bình,religious_premises,4.0
2018-01-01,2018,vietnam-180101.osm.pbf,Bình Chiểu,marketplace,2.0
2018-01-01,2018,vietnam-180101.osm.pbf,Thạnh Mỹ Lợi,education,6.0
2018-01-01,2018,vietnam-180101.osm.pbf,Phước Long B,education,12.0
2018-01-01,2018,vietnam-180101.osm.pbf,Bình Chiểu,religious_premises,18.0
2018-01-01,2018,vietnam-180101.osm.pbf,Tam Bình,education,2.0
2018-01-01,2018,vietnam-180101.osm.pbf,An Phú,public_space,6.0
2018-01-01,2018,vietnam-180101.osm.pbf,Cát Lái,public_space,4.0
2018-01-01,2018,vietnam-180101.osm.pbf,Linh Tây,public_space,2.0
2018-01-01,2018,vietnam-180101.osm.pbf,Long Bình,public_space,10.0
2018-01-01,2018,vietnam-180101.osm.pbf,Tân Phú,religious_premises,6.0
2018-01-01,2018,vietnam-180101.osm.pbf,Tân Phú,education,4.0
2018-01-01,2018,vietnam-180101.osm.pbf,Long Thạnh Mỹ,education,8.0
2018-01-01,2018,vietnam-180101.osm.pbf,Tân Phú,marketplace,2.0
2018-01-01,2018,vietnam-180101.osm.pbf,Tam Phú,education,6.0
2018-01-01,2018,vietnam-180101.osm.pbf,Tam Bình,health,2.0
2018-01-01,2018,vietnam-180101.osm.pbf,Tân Phú,public_space,4.0
2018-01-01,2018,vietnam-180101.osm.pbf,Long Thạnh Mỹ,religious_premises,8.0
2018-01-01,2018,vietnam-180101.osm.pbf,Tam Bình,marketplace,4.0
2018-01-01,2018,vietnam-180101.osm.pbf,Bình Thọ,public_space,4.0
2018-01-01,2018,vietnam-180101.osm.pbf,Trường Thọ,marketplace,2.0
2018-01-01,2018,vietnam-180101.osm.pbf,Thủ Thiêm,religious_premises,8.0
2018-01-01,2018,vietnam-180101.osm.pbf,Thảo Điền,public_space,26.0
2018-01-01,2018,vietnam-180101.osm.pbf,Phước Long A,public_space,2.0
2018-01-01,2018,vietnam-180101.osm.pbf,Tăng Nhơn Phú B,public_space,10.0
2018-01-01,2018,vietnam-180101.osm.pbf,Tăng Nhơn Phú A,public_space,14.0
2018-01-01,2018,vietnam-180101.osm.pbf,Phước Long B,public_space,6.0
2018-01-01,2018,vietnam-180101.osm.pbf,Linh Chiểu,religious_premises,4.0
2018-01-01,2018,vietnam-180101.osm.pbf,Linh Tây,education,4.0
2018-01-01,2018,vietnam-180101.osm.pbf,Hiệp Bình Chánh,public_space,2.0
2018-01-01,2018,vietnam-180101.osm.pbf,Phước Bình,marketplace,2.0
2018-01-01,2018,vietnam-180101.osm.pbf,Phước Bình,education,16.0
2018-01-01,2018,vietnam-180101.osm.pbf,Phước Bình,health,2.0
2018-01-01,2018,vietnam-180101.osm.pbf,Phước Bình,religious_premises,4.0
2018-01-01,2018,vietnam-180101.osm.pbf,Linh Đông,public_space,4.0
2018-01-01,2018,vietnam-180101.osm.pbf,Tam Bình,public_space,6.0
2018-01-01,2018,vietnam-180101.osm.pbf,Bình Thọ,marketplace,2.0
2018-01-01,2018,vietnam-180101.osm.pbf,Hiệp Bình Chánh,marketplace,2.0
2018-01-01,2018,vietnam-180101.osm.pbf,Hiệp Bình Phước,food_outlet,6.0
2018-01-01,2018,vietnam-180101.osm.pbf,Trường Thọ,public_space,2.0
2018-01-01,2018,vietnam-180101.osm.pbf,Tăng Nhơn Phú A,education,12.0
2018-01-01,2018,vietnam-180101.osm.pbf,Thảo Điền,marketplace,4.0
2018-01-01,2018,vietnam-180101.osm.pbf,Thủ Thiêm,public_space,4.0
2018-01-01,2018,vietnam-180101.osm.pbf,Bình Trưng Tây,public_space,6.0
2018-01-01,2018,vietnam-180101.osm.pbf,Thạnh Mỹ Lợi,health,2.0
2018-01-01,2018,vietnam-180101.osm.pbf,Thạnh Mỹ Lợi,religious_premises,2.0
2018-01-01,2018,vietnam-180101.osm.pbf,Thạnh Mỹ Lợi,marketplace,2.0
2018-01-01,2018,vietnam-180101.osm.pbf,Phước Long A,education,6.0
2018-01-01,2018,vietnam-180101.osm.pbf,Linh Tây,marketplace,2.0
2018-01-01,2018,vietnam-180101.osm.pbf,Trường Thọ,education,2.0
2018-01-01,2018,vietnam-180101.osm.pbf,Linh Trung,marketplace,2.0
2018-01-01,2018,vietnam-180101.osm.pbf,Bình Chiểu,public_space,2.0
2018-01-01,2018,vietnam-180101.osm.pbf,Bình Chiểu,education,10.0
2018-01-01,2018,vietnam-180101.osm.pbf,Linh Xuân,public_space,2.0
2018-01-01,2018,vietnam-180101.osm.pbf,Hiệp Bình Phước,religious_premises,2.0
2018-01-01,2018,vietnam-180101.osm.pbf,An Khánh,religious_premises,4.0
2018-01-01,2018,vietnam-180101.osm.pbf,Thảo Điền,health,2.0
2018-01-01,2018,vietnam-180101.osm.pbf,An Khánh,public_space,2.0
2018-01-01,2018,vietnam-180101.osm.pbf,Tăng Nhơn Phú A,health,2.0
2018-01-01,2018,vietnam-180101.osm.pbf,Tăng Nhơn Phú A,marketplace,2.0
2018-01-01,2018,vietnam-180101.osm.pbf,Linh Trung,road_km,157.442
2018-01-01,2018,vietnam-180101.osm.pbf,Bình Trưng Đông,road_km,60.635
2018-01-01,2018,vietnam-180101.osm.pbf,Phước Bình,road_km,27.179
2018-01-01,2018,vietnam-180101.osm.pbf,Hiệp Phú,road_km,81.761
2018-01-01,2018,vietnam-180101.osm.pbf,Long Phước,road_km,49.721
2018-01-01,2018,vietnam-180101.osm.pbf,Bình Thọ,road_km,50.548
2018-01-01,2018,vietnam-180101.osm.pbf,Linh Xuân,road_km,68.84
2018-01-01,2018,vietnam-180101.osm.pbf,Cát Lái,road_km,114.671
2018-01-01,2018,vietnam-180101.osm.pbf,An Khánh,road_km,82.881
2018-01-01,2018,vietnam-180101.osm.pbf,Tăng Nhơn Phú A,road_km,83.052
2018-01-01,2018,vietnam-180101.osm.pbf,Linh Chiểu,road_km,31.495
2018-01-01,2018,vietnam-180101.osm.pbf,Long Bình,road_km,130.487
2018-01-01,2018,vietnam-180101.osm.pbf,An Phú,road_km,192.336
2018-01-01,2018,vietnam-180101.osm.pbf,Thảo Điền,road_km,99.884
2018-01-01,2018,vietnam-180101.osm.pbf,Linh Tây,road_km,45.38
2018-01-01,2018,vietnam-180101.osm.pbf,Long Thạnh Mỹ,road_km,126.841
2018-01-01,2018,vietnam-180101.osm.pbf,Trường Thạnh,road_km,82.302
2018-01-01,2018,vietnam-180101.osm.pbf,Trường Thọ,road_km,74.927
2018-01-01,2018,vietnam-180101.osm.pbf,Tăng Nhơn Phú B,road_km,66.232
2018-01-01,2018,vietnam-180101.osm.pbf,Linh Đông,road_km,55.048
2018-01-01,2018,vietnam-180101.osm.pbf,Hiệp Bình Chánh,road_km,155.763
2018-01-01,2018,vietnam-180101.osm.pbf,Tân Phú,road_km,79.091
2018-01-01,2018,vietnam-180101.osm.pbf,Tam Phú,road_km,39.31
2018-01-01,2018,vietnam-180101.osm.pbf,Bình Chiểu,road_km,97.992
2018-01-01,2018,vietnam-180101.osm.pbf,Phước Long B,road_km,172.488
2018-01-01,2018,vietnam-180101.osm.pbf,Phước Long A,road_km,46.669
2018-01-01,2018,vietnam-180101.osm.pbf,Tam Bình,road_km,41.166
2018-01-01,2018,vietnam-180101.osm.pbf,Phú Hữu,road_km,148.346
2018-01-01,2018,vietnam-180101.osm.pbf,Thạnh Mỹ Lợi,road_km,189.956
2018-01-01,2018,vietnam-180101.osm.pbf,Hiệp Bình Phước,road_km,123.486
2018-01-01,2018,vietnam-180101.osm.pbf,Thủ Thiêm,road_km,48.575
2018-01-01,2018,vietnam-180101.osm.pbf,An Lợi Đông,road_km,47.945
2018-01-01,2018,vietnam-180101.osm.pbf,Long Trường,road_km,36.439
2018-01-01,2018,vietnam-180101.osm.pbf,Bình Trưng Tây,road_km,30.944
2019-01-01,2019,vietnam-190101.osm.pbf,Bình Thọ,food_outlet,64.0
2019-01-01,2019,vietnam-190101.osm.pbf,Hiệp Phú,food_outlet,20.0
2019-01-01,2019,vietnam-190101.osm.pbf,Linh Đông,food_outlet,8.0
2019-01-01,2019,vietnam-190101.osm.pbf,An Khánh,food_outlet,18.0
2019-01-01,2019,vietnam-190101.osm.pbf,An Phú,food_outlet,10.0
2019-01-01,2019,vietnam-190101.osm.pbf,Trường Thọ,shop,22.0
2019-01-01,2019,vietnam-190101.osm.pbf,Trường Thọ,food_outlet,8.0
2019-01-01,2019,vietnam-190101.osm.pbf,Phước Long B,food_outlet,6.0
2019-01-01,2019,vietnam-190101.osm.pbf,An Phú,shop,36.0
2019-01-01,2019,vietnam-190101.osm.pbf,Bình Trưng Đông,education,10.0
2019-01-01,2019,vietnam-190101.osm.pbf,Linh Trung,education,30.0
2019-01-01,2019,vietnam-190101.osm.pbf,Long Trường,education,6.0
2019-01-01,2019,vietnam-190101.osm.pbf,Thảo Điền,food_outlet,72.0
2019-01-01,2019,vietnam-190101.osm.pbf,Thảo Điền,shop,72.0
2019-01-01,2019,vietnam-190101.osm.pbf,An Phú,religious_premises,8.0
2019-01-01,2019,vietnam-190101.osm.pbf,Long Bình,food_outlet,10.0
2019-01-01,2019,vietnam-190101.osm.pbf,Long Bình,shop,2.0
2019-01-01,2019,vietnam-190101.osm.pbf,Long Thạnh Mỹ,shop,6.0
2019-01-01,2019,vietnam-190101.osm.pbf,Trường Thạnh,food_outlet,6.0
2019-01-01,2019,vietnam-190101.osm.pbf,Phú Hữu,shop,4.0
2019-01-01,2019,vietnam-190101.osm.pbf,Bình Trưng Tây,shop,14.0
2019-01-01,2019,vietnam-190101.osm.pbf,Bình Trưng Tây,education,4.0
2019-01-01,2019,vietnam-190101.osm.pbf,Phú Hữu,education,4.0
2019-01-01,2019,vietnam-190101.osm.pbf,Tăng Nhơn Phú B,education,6.0
2019-01-01,2019,vietnam-190101.osm.pbf,Tăng Nhơn Phú B,marketplace,2.0
2019-01-01,2019,vietnam-190101.osm.pbf,Tăng Nhơn Phú B,health,4.0
2019-01-01,2019,vietnam-190101.osm.pbf,Tăng Nhơn Phú B,religious_premises,4.0
2019-01-01,2019,vietnam-190101.osm.pbf,An Khánh,marketplace,2.0
2019-01-01,2019,vietnam-190101.osm.pbf,Bình Thọ,education,28.0
2019-01-01,2019,vietnam-190101.osm.pbf,Linh Chiểu,food_outlet,12.0
2019-01-01,2019,vietnam-190101.osm.pbf,Bình Trưng Đông,food_outlet,6.0
2019-01-01,2019,vietnam-190101.osm.pbf,Bình Trưng Đông,shop,12.0
2019-01-01,2019,vietnam-190101.osm.pbf,Bình Thọ,shop,90.0
2019-01-01,2019,vietnam-190101.osm.pbf,Linh Chiểu,shop,34.0
2019-01-01,2019,vietnam-190101.osm.pbf,Bình Thọ,health,10.0
2019-01-01,2019,vietnam-190101.osm.pbf,Linh Chiểu,health,4.0
2019-01-01,2019,vietnam-190101.osm.pbf,Linh Trung,health,6.0
2019-01-01,2019,vietnam-190101.osm.pbf,Linh Tây,shop,26.0
2019-01-01,2019,vietnam-190101.osm.pbf,Hiệp Phú,health,2.0
2019-01-01,2019,vietnam-190101.osm.pbf,Bình Thọ,religious_premises,12.0
2019-01-01,2019,vietnam-190101.osm.pbf,Hiệp Phú,shop,40.0
2019-01-01,2019,vietnam-190101.osm.pbf,Linh Trung,food_outlet,20.0
2019-01-01,2019,vietnam-190101.osm.pbf,Linh Xuân,religious_premises,12.0
2019-01-01,2019,vietnam-190101.osm.pbf,Bình Trưng Đông,religious_premises,6.0
2019-01-01,2019,vietnam-190101.osm.pbf,Bình Trưng Đông,public_space,4.0
2019-01-01,2019,vietnam-190101.osm.pbf,Hiệp Bình Chánh,shop,56.0
2019-01-01,2019,vietnam-190101.osm.pbf,Linh Chiểu,public_space,28.0
2019-01-01,2019,vietnam-190101.osm.pbf,Hiệp Phú,education,20.0
2019-01-01,2019,vietnam-190101.osm.pbf,Thảo Điền,education,22.0
2019-01-01,2019,vietnam-190101.osm.pbf,Linh Đông,education,4.0
2019-01-01,2019,vietnam-190101.osm.pbf,Trường Thọ,religious_premises,4.0
2019-01-01,2019,vietnam-190101.osm.pbf,Long Bình,religious_premises,14.0
2019-01-01,2019,vietnam-190101.osm.pbf,Tăng Nhơn Phú A,religious_premises,4.0
2019-01-01,2019,vietnam-190101.osm.pbf,Bình Trưng Tây,food_outlet,2.0
2019-01-01,2019,vietnam-190101.osm.pbf,Phú Hữu,food_outlet,2.0
2019-01-01,2019,vietnam-190101.osm.pbf,Hiệp Bình Chánh,food_outlet,12.0
2019-01-01,2019,vietnam-190101.osm.pbf,Tăng Nhơn Phú B,shop,54.0
2019-01-01,2019,vietnam-190101.osm.pbf,Tăng Nhơn Phú B,food_outlet,12.0
2019-01-01,2019,vietnam-190101.osm.pbf,Tăng Nhơn Phú A,shop,14.0
2019-01-01,2019,vietnam-190101.osm.pbf,Long Bình,education,10.0
2019-01-01,2019,vietnam-190101.osm.pbf,Hiệp Phú,religious_premises,2.0
2019-01-01,2019,vietnam-190101.osm.pbf,Hiệp Bình Phước,public_space,14.0
2019-01-01,2019,vietnam-190101.osm.pbf,Hiệp Bình Phước,shop,26.0
2019-01-01,2019,vietnam-190101.osm.pbf,Phước Long B,shop,124.0
2019-01-01,2019,vietnam-190101.osm.pbf,Tăng Nhơn Phú A,food_outlet,8.0
2019-01-01,2019,vietnam-190101.osm.pbf,Long Trường,shop,8.0
2019-01-01,2019,vietnam-190101.osm.pbf,An Lợi Đông,public_space,18.0
2019-01-01,2019,vietnam-190101.osm.pbf,Long Phước,religious_premises,2.0
2019-01-01,2019,vietnam-190101.osm.pbf,Linh Đông,shop,42.0
2019-01-01,2019,vietnam-190101.osm.pbf,An Khánh,shop,32.0
2019-01-01,2019,vietnam-190101.osm.pbf,Trường Thạnh,shop,4.0
2019-01-01,2019,vietnam-190101.osm.pbf,Tam Phú,religious_premises,2.0
2019-01-01,2019,vietnam-190101.osm.pbf,Linh Xuân,education,6.0
2019-01-01,2019,vietnam-190101.osm.pbf,Linh Tây,food_outlet,2.0
2019-01-01,2019,vietnam-190101.osm.pbf,Thạnh Mỹ Lợi,shop,6.0
2019-01-01,2019,vietnam-190101.osm.pbf,Bình Trưng Tây,health,6.0
2019-01-01,2019,vietnam-190101.osm.pbf,Bình Trưng Đông,health,2.0
2019-01-01,2019,vietnam-190101.osm.pbf,Thạnh Mỹ Lợi,public_space,16.0
2019-01-01,2019,vietnam-190101.osm.pbf,Linh Chiểu,education,26.0
2019-01-01,2019,vietnam-190101.osm.pbf,An Khánh,education,6.0
2019-01-01,2019,vietnam-190101.osm.pbf,An Phú,education,16.0
2019-01-01,2019,vietnam-190101.osm.pbf,Tân Phú,food_outlet,4.0
2019-01-01,2019,vietnam-190101.osm.pbf,Linh Trung,shop,60.0
2019-01-01,2019,vietnam-190101.osm.pbf,Tam Phú,health,4.0
2019-01-01,2019,vietnam-190101.osm.pbf,Tam Phú,shop,26.0
2019-01-01,2019,vietnam-190101.osm.pbf,Linh Xuân,shop,32.0
2019-01-01,2019,vietnam-190101.osm.pbf,Bình Chiểu,shop,42.0
2019-01-01,2019,vietnam-190101.osm.pbf,Phước Long A,shop,28.0
2019-01-01,2019,vietnam-190101.osm.pbf,Phước Bình,shop,10.0
2019-01-01,2019,vietnam-190101.osm.pbf,Hiệp Bình Chánh,education,6.0
2019-01-01,2019,vietnam-190101.osm.pbf,Hiệp Bình Phước,education,8.0
2019-01-01,2019,vietnam-190101.osm.pbf,Tam Bình,shop,8.0
2019-01-01,2019,vietnam-190101.osm.pbf,Cát Lái,education,2.0
2019-01-01,2019,vietnam-190101.osm.pbf,Cát Lái,shop,14.0
2019-01-01,2019,vietnam-190101.osm.pbf,Linh Xuân,food_outlet,2.0
2019-01-01,2019,vietnam-190101.osm.pbf,Linh Trung,public_space,54.0
2019-01-01,2019,vietnam-190101.osm.pbf,Tam Phú,food_outlet,2.0
2019-01-01,2019,vietnam-190101.osm.pbf,Linh Trung,religious_premises,10.0
2019-01-01,2019,vietnam-190101.osm.pbf,Tam Bình,religious_premises,4.0
2019-01-01,2019,vietnam-190101.osm.pbf,Bình Chiểu,marketplace,2.0
2019-01-01,2019,vietnam-190101.osm.pbf,Thạnh Mỹ Lợi,education,6.0
2019-01-01,2019,vietnam-190101.osm.pbf,Phước Long B,education,12.0
2019-01-01,2019,vietnam-190101.osm.pbf,Bình Chiểu,religious_premises,18.0
2019-01-01,2019,vietnam-190101.osm.pbf,Tam Bình,education,2.0
2019-01-01,2019,vietnam-190101.osm.pbf,Linh Đông,religious_premises,2.0
2019-01-01,2019,vietnam-190101.osm.pbf,Tăng Nhơn Phú A,education,14.0
2019-01-01,2019,vietnam-190101.osm.pbf,Hiệp Bình Chánh,religious_premises,4.0
2019-01-01,2019,vietnam-190101.osm.pbf,Tam Bình,health,4.0
2019-01-01,2019,vietnam-190101.osm.pbf,Phước Bình,health,4.0
2019-01-01,2019,vietnam-190101.osm.pbf,Cát Lái,food_outlet,2.0
2019-01-01,2019,vietnam-190101.osm.pbf,Hiệp Bình Phước,food_outlet,8.0
2019-01-01,2019,vietnam-190101.osm.pbf,Tân Phú,religious_premises,10.0
2019-01-01,2019,vietnam-190101.osm.pbf,Long Thạnh Mỹ,education,14.0
2019-01-01,2019,vietnam-190101.osm.pbf,An Phú,public_space,10.0
2019-01-01,2019,vietnam-190101.osm.pbf,Cát Lái,public_space,4.0
2019-01-01,2019,vietnam-190101.osm.pbf,Linh Tây,public_space,2.0
2019-01-01,2019,vietnam-190101.osm.pbf,Long Bình,public_space,10.0
2019-01-01,2019,vietnam-190101.osm.pbf,Tân Phú,education,10.0
2019-01-01,2019,vietnam-190101.osm.pbf,Tân Phú,marketplace,2.0
2019-01-01,2019,vietnam-190101.osm.pbf,Tam Phú,education,6.0
2019-01-01,2019,vietnam-190101.osm.pbf,Tân Phú,public_space,8.0
2019-01-01,2019,vietnam-190101.osm.pbf,Long Thạnh Mỹ,religious_premises,10.0
2019-01-01,2019,vietnam-190101.osm.pbf,Tam Bình,marketplace,4.0
2019-01-01,2019,vietnam-190101.osm.pbf,Bình Thọ,public_space,4.0
2019-01-01,2019,vietnam-190101.osm.pbf,Trường Thọ,marketplace,2.0
2019-01-01,2019,vietnam-190101.osm.pbf,Thủ Thiêm,religious_premises,8.0
2019-01-01,2019,vietnam-190101.osm.pbf,Thảo Điền,public_space,26.0
2019-01-01,2019,vietnam-190101.osm.pbf,Phước Long A,public_space,2.0
2019-01-01,2019,vietnam-190101.osm.pbf,Tăng Nhơn Phú B,public_space,10.0
2019-01-01,2019,vietnam-190101.osm.pbf,Tăng Nhơn Phú A,public_space,14.0
2019-01-01,2019,vietnam-190101.osm.pbf,Phước Long B,public_space,6.0
2019-01-01,2019,vietnam-190101.osm.pbf,Linh Chiểu,religious_premises,4.0
2019-01-01,2019,vietnam-190101.osm.pbf,Linh Tây,education,4.0
2019-01-01,2019,vietnam-190101.osm.pbf,Hiệp Bình Chánh,public_space,4.0
2019-01-01,2019,vietnam-190101.osm.pbf,Phước Bình,marketplace,2.0
2019-01-01,2019,vietnam-190101.osm.pbf,Phước Bình,education,16.0
2019-01-01,2019,vietnam-190101.osm.pbf,Phước Bình,religious_premises,4.0
2019-01-01,2019,vietnam-190101.osm.pbf,Linh Đông,public_space,4.0
2019-01-01,2019,vietnam-190101.osm.pbf,Tam Bình,public_space,6.0
2019-01-01,2019,vietnam-190101.osm.pbf,Bình Thọ,marketplace,2.0
2019-01-01,2019,vietnam-190101.osm.pbf,Hiệp Bình Chánh,marketplace,2.0
2019-01-01,2019,vietnam-190101.osm.pbf,Trường Thọ,public_space,2.0
2019-01-01,2019,vietnam-190101.osm.pbf,Thảo Điền,marketplace,4.0
2019-01-01,2019,vietnam-190101.osm.pbf,Thủ Thiêm,public_space,4.0
2019-01-01,2019,vietnam-190101.osm.pbf,Bình Trưng Tây,public_space,6.0
2019-01-01,2019,vietnam-190101.osm.pbf,Thạnh Mỹ Lợi,health,2.0
2019-01-01,2019,vietnam-190101.osm.pbf,Thạnh Mỹ Lợi,religious_premises,2.0
2019-01-01,2019,vietnam-190101.osm.pbf,Thạnh Mỹ Lợi,marketplace,2.0
2019-01-01,2019,vietnam-190101.osm.pbf,Phước Long A,education,6.0
2019-01-01,2019,vietnam-190101.osm.pbf,Linh Tây,marketplace,2.0
2019-01-01,2019,vietnam-190101.osm.pbf,Trường Thọ,education,2.0
2019-01-01,2019,vietnam-190101.osm.pbf,Linh Trung,marketplace,2.0
2019-01-01,2019,vietnam-190101.osm.pbf,Bình Chiểu,public_space,2.0
2019-01-01,2019,vietnam-190101.osm.pbf,Bình Chiểu,education,10.0
2019-01-01,2019,vietnam-190101.osm.pbf,Linh Xuân,public_space,2.0
2019-01-01,2019,vietnam-190101.osm.pbf,Hiệp Bình Phước,religious_premises,2.0
2019-01-01,2019,vietnam-190101.osm.pbf,An Khánh,religious_premises,4.0
2019-01-01,2019,vietnam-190101.osm.pbf,Thảo Điền,health,2.0
2019-01-01,2019,vietnam-190101.osm.pbf,An Khánh,public_space,4.0
2019-01-01,2019,vietnam-190101.osm.pbf,Tăng Nhơn Phú A,health,2.0
2019-01-01,2019,vietnam-190101.osm.pbf,Tăng Nhơn Phú A,marketplace,2.0
2019-01-01,2019,vietnam-190101.osm.pbf,Cát Lái,religious_premises,2.0
2019-01-01,2019,vietnam-190101.osm.pbf,Long Trường,religious_premises,2.0
2019-01-01,2019,vietnam-190101.osm.pbf,Linh Trung,road_km,294.819
2019-01-01,2019,vietnam-190101.osm.pbf,Bình Trưng Đông,road_km,96.138
2019-01-01,2019,vietnam-190101.osm.pbf,Phước Bình,road_km,33.552
2019-01-01,2019,vietnam-190101.osm.pbf,Hiệp Phú,road_km,93.317
2019-01-01,2019,vietnam-190101.osm.pbf,Long Phước,road_km,95.903
2019-01-01,2019,vietnam-190101.osm.pbf,Bình Thọ,road_km,51.37
2019-01-01,2019,vietnam-190101.osm.pbf,Linh Xuân,road_km,147.483
2019-01-01,2019,vietnam-190101.osm.pbf,Cát Lái,road_km,184.603
2019-01-01,2019,vietnam-190101.osm.pbf,An Khánh,road_km,102.05
2019-01-01,2019,vietnam-190101.osm.pbf,Tăng Nhơn Phú A,road_km,118.952
2019-01-01,2019,vietnam-190101.osm.pbf,Linh Chiểu,road_km,52.57
2019-01-01,2019,vietnam-190101.osm.pbf,Long Bình,road_km,249.324
2019-01-01,2019,vietnam-190101.osm.pbf,An Phú,road_km,221.908
2019-01-01,2019,vietnam-190101.osm.pbf,Thảo Điền,road_km,112.169
2019-01-01,2019,vietnam-190101.osm.pbf,Linh Tây,road_km,58.063
2019-01-01,2019,vietnam-190101.osm.pbf,Long Thạnh Mỹ,road_km,215.094
2019-01-01,2019,vietnam-190101.osm.pbf,Trường Thạnh,road_km,164.21
2019-01-01,2019,vietnam-190101.osm.pbf,Trường Thọ,road_km,138.344
2019-01-01,2019,vietnam-190101.osm.pbf,Tăng Nhơn Phú B,road_km,124.89
2019-01-01,2019,vietnam-190101.osm.pbf,Tân Phú,road_km,147.244
2019-01-01,2019,vietnam-190101.osm.pbf,Linh Đông,road_km,99.041
2019-01-01,2019,vietnam-190101.osm.pbf,Hiệp Bình Chánh,road_km,238.705
2019-01-01,2019,vietnam-190101.osm.pbf,Tam Phú,road_km,89.01
2019-01-01,2019,vietnam-190101.osm.pbf,Bình Chiểu,road_km,184.528
2019-01-01,2019,vietnam-190101.osm.pbf,Phước Long B,road_km,229.926
2019-01-01,2019,vietnam-190101.osm.pbf,Phước Long A,road_km,85.574
2019-01-01,2019,vietnam-190101.osm.pbf,Tam Bình,road_km,86.108
2019-01-01,2019,vietnam-190101.osm.pbf,Phú Hữu,road_km,243.661
2019-01-01,2019,vietnam-190101.osm.pbf,Thạnh Mỹ Lợi,road_km,200.312
2019-01-01,2019,vietnam-190101.osm.pbf,Hiệp Bình Phước,road_km,233.491
2019-01-01,2019,vietnam-190101.osm.pbf,Thủ Thiêm,road_km,58.416
2019-01-01,2019,vietnam-190101.osm.pbf,An Lợi Đông,road_km,62.661
2019-01-01,2019,vietnam-190101.osm.pbf,Long Trường,road_km,124.097
2019-01-01,2019,vietnam-190101.osm.pbf,Bình Trưng Tây,road_km,56.753
2020-01-01,2020,vietnam-200101.osm.pbf,Bình Thọ,food_outlet,64.0
2020-01-01,2020,vietnam-200101.osm.pbf,Hiệp Phú,food_outlet,22.0
2020-01-01,2020,vietnam-200101.osm.pbf,Linh Đông,food_outlet,10.0
2020-01-01,2020,vietnam-200101.osm.pbf,An Khánh,food_outlet,18.0
2020-01-01,2020,vietnam-200101.osm.pbf,An Phú,food_outlet,38.0
2020-01-01,2020,vietnam-200101.osm.pbf,Trường Thọ,food_outlet,10.0
2020-01-01,2020,vietnam-200101.osm.pbf,An Phú,shop,58.0
2020-01-01,2020,vietnam-200101.osm.pbf,Bình Trưng Đông,education,10.0
2020-01-01,2020,vietnam-200101.osm.pbf,Linh Trung,education,32.0
2020-01-01,2020,vietnam-200101.osm.pbf,Long Trường,education,6.0
2020-01-01,2020,vietnam-200101.osm.pbf,Thảo Điền,food_outlet,130.0
2020-01-01,2020,vietnam-200101.osm.pbf,Thảo Điền,shop,84.0
2020-01-01,2020,vietnam-200101.osm.pbf,An Phú,religious_premises,14.0
2020-01-01,2020,vietnam-200101.osm.pbf,Long Bình,food_outlet,10.0
2020-01-01,2020,vietnam-200101.osm.pbf,Trường Thạnh,food_outlet,6.0
2020-01-01,2020,vietnam-200101.osm.pbf,Phú Hữu,shop,4.0
2020-01-01,2020,vietnam-200101.osm.pbf,Bình Trưng Tây,shop,14.0
2020-01-01,2020,vietnam-200101.osm.pbf,Bình Trưng Tây,education,4.0
2020-01-01,2020,vietnam-200101.osm.pbf,Phú Hữu,education,4.0
2020-01-01,2020,vietnam-200101.osm.pbf,Tăng Nhơn Phú B,education,6.0
2020-01-01,2020,vietnam-200101.osm.pbf,Tăng Nhơn Phú B,marketplace,2.0
2020-01-01,2020,vietnam-200101.osm.pbf,Tăng Nhơn Phú B,health,4.0
2020-01-01,2020,vietnam-200101.osm.pbf,Tăng Nhơn Phú B,religious_premises,4.0
2020-01-01,2020,vietnam-200101.osm.pbf,An Khánh,marketplace,4.0
2020-01-01,2020,vietnam-200101.osm.pbf,Bình Thọ,education,30.0
2020-01-01,2020,vietnam-200101.osm.pbf,Linh Chiểu,food_outlet,12.0
2020-01-01,2020,vietnam-200101.osm.pbf,Bình Trưng Đông,food_outlet,6.0
2020-01-01,2020,vietnam-200101.osm.pbf,Bình Trưng Đông,shop,14.0
2020-01-01,2020,vietnam-200101.osm.pbf,Bình Thọ,shop,94.0
2020-01-01,2020,vietnam-200101.osm.pbf,Linh Chiểu,shop,34.0
2020-01-01,2020,vietnam-200101.osm.pbf,Bình Thọ,health,10.0
2020-01-01,2020,vietnam-200101.osm.pbf,Linh Chiểu,health,4.0
2020-01-01,2020,vietnam-200101.osm.pbf,Linh Trung,health,8.0
2020-01-01,2020,vietnam-200101.osm.pbf,Linh Tây,shop,26.0
2020-01-01,2020,vietnam-200101.osm.pbf,Hiệp Phú,health,2.0
2020-01-01,2020,vietnam-200101.osm.pbf,Bình Thọ,religious_premises,12.0
2020-01-01,2020,vietnam-200101.osm.pbf,Hiệp Phú,shop,44.0
2020-01-01,2020,vietnam-200101.osm.pbf,Linh Trung,food_outlet,20.0
2020-01-01,2020,vietnam-200101.osm.pbf,Linh Xuân,religious_premises,14.0
2020-01-01,2020,vietnam-200101.osm.pbf,Bình Trưng Đông,religious_premises,6.0
2020-01-01,2020,vietnam-200101.osm.pbf,Bình Trưng Đông,public_space,4.0
2020-01-01,2020,vietnam-200101.osm.pbf,Hiệp Bình Chánh,shop,58.0
2020-01-01,2020,vietnam-200101.osm.pbf,Linh Chiểu,public_space,28.0
2020-01-01,2020,vietnam-200101.osm.pbf,Hiệp Phú,education,20.0
2020-01-01,2020,vietnam-200101.osm.pbf,Thảo Điền,education,22.0
2020-01-01,2020,vietnam-200101.osm.pbf,Linh Đông,education,4.0
2020-01-01,2020,vietnam-200101.osm.pbf,Trường Thọ,religious_premises,4.0
2020-01-01,2020,vietnam-200101.osm.pbf,Long Bình,religious_premises,14.0
2020-01-01,2020,vietnam-200101.osm.pbf,Tăng Nhơn Phú A,religious_premises,4.0
2020-01-01,2020,vietnam-200101.osm.pbf,Bình Trưng Tây,food_outlet,2.0
2020-01-01,2020,vietnam-200101.osm.pbf,Phú Hữu,food_outlet,2.0
2020-01-01,2020,vietnam-200101.osm.pbf,Hiệp Bình Chánh,food_outlet,14.0
2020-01-01,2020,vietnam-200101.osm.pbf,Tăng Nhơn Phú B,shop,58.0
2020-01-01,2020,vietnam-200101.osm.pbf,Tăng Nhơn Phú B,food_outlet,14.0
2020-01-01,2020,vietnam-200101.osm.pbf,Tăng Nhơn Phú A,shop,14.0
2020-01-01,2020,vietnam-200101.osm.pbf,Long Bình,education,10.0
2020-01-01,2020,vietnam-200101.osm.pbf,Hiệp Phú,religious_premises,2.0
2020-01-01,2020,vietnam-200101.osm.pbf,Hiệp Bình Phước,public_space,14.0
2020-01-01,2020,vietnam-200101.osm.pbf,Hiệp Bình Phước,shop,30.0
2020-01-01,2020,vietnam-200101.osm.pbf,Trường Thọ,shop,20.0
2020-01-01,2020,vietnam-200101.osm.pbf,Phước Long B,shop,128.0
2020-01-01,2020,vietnam-200101.osm.pbf,Tăng Nhơn Phú A,food_outlet,10.0
2020-01-01,2020,vietnam-200101.osm.pbf,Long Trường,shop,8.0
2020-01-01,2020,vietnam-200101.osm.pbf,An Lợi Đông,public_space,18.0
2020-01-01,2020,vietnam-200101.osm.pbf,Long Phước,religious_premises,2.0
2020-01-01,2020,vietnam-200101.osm.pbf,Linh Đông,shop,42.0
2020-01-01,2020,vietnam-200101.osm.pbf,An Khánh,shop,36.0
2020-01-01,2020,vietnam-200101.osm.pbf,Long Thạnh Mỹ,shop,6.0
2020-01-01,2020,vietnam-200101.osm.pbf,Trường Thạnh,shop,4.0
2020-01-01,2020,vietnam-200101.osm.pbf,Tam Phú,religious_premises,2.0
2020-01-01,2020,vietnam-200101.osm.pbf,Linh Xuân,education,6.0
2020-01-01,2020,vietnam-200101.osm.pbf,Linh Tây,food_outlet,2.0
2020-01-01,2020,vietnam-200101.osm.pbf,Thạnh Mỹ Lợi,shop,18.0
2020-01-01,2020,vietnam-200101.osm.pbf,Bình Trưng Tây,health,6.0
2020-01-01,2020,vietnam-200101.osm.pbf,Bình Trưng Đông,health,2.0
2020-01-01,2020,vietnam-200101.osm.pbf,Thạnh Mỹ Lợi,public_space,16.0
2020-01-01,2020,vietnam-200101.osm.pbf,Linh Chiểu,education,26.0
2020-01-01,2020,vietnam-200101.osm.pbf,An Khánh,education,8.0
2020-01-01,2020,vietnam-200101.osm.pbf,An Phú,education,20.0
2020-01-01,2020,vietnam-200101.osm.pbf,Linh Trung,shop,62.0
2020-01-01,2020,vietnam-200101.osm.pbf,Tam Phú,health,4.0
2020-01-01,2020,vietnam-200101.osm.pbf,Tam Phú,shop,26.0
2020-01-01,2020,vietnam-200101.osm.pbf,Linh Xuân,shop,32.0
2020-01-01,2020,vietnam-200101.osm.pbf,Bình Chiểu,shop,42.0
2020-01-01,2020,vietnam-200101.osm.pbf,Phước Long B,food_outlet,6.0
2020-01-01,2020,vietnam-200101.osm.pbf,Phước Long A,shop,32.0
2020-01-01,2020,vietnam-200101.osm.pbf,Phước Bình,shop,10.0
2020-01-01,2020,vietnam-200101.osm.pbf,Hiệp Bình Chánh,education,6.0
2020-01-01,2020,vietnam-200101.osm.pbf,Hiệp Bình Phước,education,8.0
2020-01-01,2020,vietnam-200101.osm.pbf,Tam Bình,shop,8.0
2020-01-01,2020,vietnam-200101.osm.pbf,Cát Lái,education,2.0
2020-01-01,2020,vietnam-200101.osm.pbf,Cát Lái,shop,14.0
2020-01-01,2020,vietnam-200101.osm.pbf,Linh Xuân,food_outlet,2.0
2020-01-01,2020,vietnam-200101.osm.pbf,Linh Trung,public_space,40.0
2020-01-01,2020,vietnam-200101.osm.pbf,Tam Phú,food_outlet,2.0
2020-01-01,2020,vietnam-200101.osm.pbf,Linh Trung,religious_premises,10.0
2020-01-01,2020,vietnam-200101.osm.pbf,Tam Bình,religious_premises,4.0
2020-01-01,2020,vietnam-200101.osm.pbf,Bình Chiểu,marketplace,2.0
2020-01-01,2020,vietnam-200101.osm.pbf,Phước Long A,health,2.0
2020-01-01,2020,vietnam-200101.osm.pbf,Thạnh Mỹ Lợi,education,8.0
2020-01-01,2020,vietnam-200101.osm.pbf,Phước Long B,education,12.0
2020-01-01,2020,vietnam-200101.osm.pbf,Tân Phú,food_outlet,4.0
2020-01-01,2020,vietnam-200101.osm.pbf,Bình Chiểu,religious_premises,18.0
2020-01-01,2020,vietnam-200101.osm.pbf,Tam Bình,education,2.0
2020-01-01,2020,vietnam-200101.osm.pbf,Linh Đông,religious_premises,6.0
2020-01-01,2020,vietnam-200101.osm.pbf,Tăng Nhơn Phú A,education,14.0
2020-01-01,2020,vietnam-200101.osm.pbf,Hiệp Bình Chánh,religious_premises,6.0
2020-01-01,2020,vietnam-200101.osm.pbf,Tam Bình,health,4.0
2020-01-01,2020,vietnam-200101.osm.pbf,Cát Lái,food_outlet,6.0
2020-01-01,2020,vietnam-200101.osm.pbf,Hiệp Bình Phước,food_outlet,8.0
2020-01-01,2020,vietnam-200101.osm.pbf,Tân Phú,religious_premises,10.0
2020-01-01,2020,vietnam-200101.osm.pbf,Long Thạnh Mỹ,education,16.0
2020-01-01,2020,vietnam-200101.osm.pbf,Linh Xuân,health,2.0
2020-01-01,2020,vietnam-200101.osm.pbf,Thảo Điền,health,4.0
2020-01-01,2020,vietnam-200101.osm.pbf,An Phú,public_space,34.0
2020-01-01,2020,vietnam-200101.osm.pbf,Hiệp Bình Chánh,health,4.0
2020-01-01,2020,vietnam-200101.osm.pbf,Hiệp Bình Phước,health,16.0
2020-01-01,2020,vietnam-200101.osm.pbf,Long Trường,food_outlet,2.0
2020-01-01,2020,vietnam-200101.osm.pbf,An Lợi Đông,shop,8.0
2020-01-01,2020,vietnam-200101.osm.pbf,Cát Lái,public_space,4.0
2020-01-01,2020,vietnam-200101.osm.pbf,Linh Tây,public_space,2.0
2020-01-01,2020,vietnam-200101.osm.pbf,Long Bình,public_space,12.0
2020-01-01,2020,vietnam-200101.osm.pbf,Tân Phú,education,10.0
2020-01-01,2020,vietnam-200101.osm.pbf,Tân Phú,marketplace,2.0
2020-01-01,2020,vietnam-200101.osm.pbf,Tam Phú,education,6.0
2020-01-01,2020,vietnam-200101.osm.pbf,Tân Phú,public_space,10.0
2020-01-01,2020,vietnam-200101.osm.pbf,Long Thạnh Mỹ,religious_premises,10.0
2020-01-01,2020,vietnam-200101.osm.pbf,Tam Bình,marketplace,4.0
2020-01-01,2020,vietnam-200101.osm.pbf,Bình Thọ,public_space,4.0
2020-01-01,2020,vietnam-200101.osm.pbf,Trường Thọ,marketplace,2.0
2020-01-01,2020,vietnam-200101.osm.pbf,Thủ Thiêm,religious_premises,6.0
2020-01-01,2020,vietnam-200101.osm.pbf,Thảo Điền,public_space,32.0
2020-01-01,2020,vietnam-200101.osm.pbf,Phước Long A,public_space,2.0
2020-01-01,2020,vietnam-200101.osm.pbf,Tăng Nhơn Phú B,public_space,10.0
2020-01-01,2020,vietnam-200101.osm.pbf,Tăng Nhơn Phú A,public_space,20.0
2020-01-01,2020,vietnam-200101.osm.pbf,Phước Long B,public_space,6.0
2020-01-01,2020,vietnam-200101.osm.pbf,Linh Chiểu,religious_premises,4.0
2020-01-01,2020,vietnam-200101.osm.pbf,Linh Tây,education,4.0
2020-01-01,2020,vietnam-200101.osm.pbf,Hiệp Bình Chánh,public_space,4.0
2020-01-01,2020,vietnam-200101.osm.pbf,Phước Bình,marketplace,2.0
2020-01-01,2020,vietnam-200101.osm.pbf,Phước Bình,education,16.0
2020-01-01,2020,vietnam-200101.osm.pbf,Phước Bình,health,2.0
2020-01-01,2020,vietnam-200101.osm.pbf,Phước Bình,religious_premises,4.0
2020-01-01,2020,vietnam-200101.osm.pbf,Linh Đông,public_space,4.0
2020-01-01,2020,vietnam-200101.osm.pbf,Tam Bình,public_space,6.0
2020-01-01,2020,vietnam-200101.osm.pbf,Bình Thọ,marketplace,2.0
2020-01-01,2020,vietnam-200101.osm.pbf,Hiệp Bình Chánh,marketplace,2.0
2020-01-01,2020,vietnam-200101.osm.pbf,Trường Thọ,public_space,2.0
2020-01-01,2020,vietnam-200101.osm.pbf,Thảo Điền,marketplace,4.0
2020-01-01,2020,vietnam-200101.osm.pbf,Thủ Thiêm,public_space,4.0
2020-01-01,2020,vietnam-200101.osm.pbf,Bình Trưng Tây,public_space,4.0
2020-01-01,2020,vietnam-200101.osm.pbf,Thạnh Mỹ Lợi,health,4.0
2020-01-01,2020,vietnam-200101.osm.pbf,Thạnh Mỹ Lợi,religious_premises,2.0
2020-01-01,2020,vietnam-200101.osm.pbf,Thạnh Mỹ Lợi,marketplace,2.0
2020-01-01,2020,vietnam-200101.osm.pbf,Phước Long A,education,6.0
2020-01-01,2020,vietnam-200101.osm.pbf,Linh Tây,marketplace,2.0
2020-01-01,2020,vietnam-200101.osm.pbf,Trường Thọ,education,2.0
2020-01-01,2020,vietnam-200101.osm.pbf,Linh Trung,marketplace,2.0
2020-01-01,2020,vietnam-200101.osm.pbf,Bình Chiểu,public_space,2.0
2020-01-01,2020,vietnam-200101.osm.pbf,Bình Chiểu,education,10.0
2020-01-01,2020,vietnam-200101.osm.pbf,Linh Xuân,public_space,8.0
2020-01-01,2020,vietnam-200101.osm.pbf,Hiệp Bình Phước,religious_premises,2.0
2020-01-01,2020,vietnam-200101.osm.pbf,An Khánh,religious_premises,4.0
2020-01-01,2020,vietnam-200101.osm.pbf,An Khánh,public_space,4.0
2020-01-01,2020,vietnam-200101.osm.pbf,Tăng Nhơn Phú A,health,2.0
2020-01-01,2020,vietnam-200101.osm.pbf,Tăng Nhơn Phú A,marketplace,2.0
2020-01-01,2020,vietnam-200101.osm.pbf,Cát Lái,religious_premises,4.0
2020-01-01,2020,vietnam-200101.osm.pbf,Long Trường,religious_premises,2.0
2020-01-01,2020,vietnam-200101.osm.pbf,Thạnh Mỹ Lợi,food_outlet,8.0
2020-01-01,2020,vietnam-200101.osm.pbf,Bình Trưng Tây,religious_premises,2.0
2020-01-01,2020,vietnam-200101.osm.pbf,Cát Lái,marketplace,2.0
2020-01-01,2020,vietnam-200101.osm.pbf,Long Bình,shop,2.0
2020-01-01,2020,vietnam-200101.osm.pbf,Hiệp Phú,public_space,2.0
2020-01-01,2020,vietnam-200101.osm.pbf,Long Thạnh Mỹ,public_space,6.0
2020-01-01,2020,vietnam-200101.osm.pbf,Trường Thạnh,public_space,6.0
2020-01-01,2020,vietnam-200101.osm.pbf,Linh Trung,road_km,295.562
2020-01-01,2020,vietnam-200101.osm.pbf,Bình Trưng Đông,road_km,95.939
2020-01-01,2020,vietnam-200101.osm.pbf,Phước Bình,road_km,35.705
2020-01-01,2020,vietnam-200101.osm.pbf,Hiệp Phú,road_km,90.006
2020-01-01,2020,vietnam-200101.osm.pbf,Long Phước,road_km,106.508
2020-01-01,2020,vietnam-200101.osm.pbf,Bình Thọ,road_km,49.448
2020-01-01,2020,vietnam-200101.osm.pbf,Linh Xuân,road_km,153.125
2020-01-01,2020,vietnam-200101.osm.pbf,Cát Lái,road_km,195.452
2020-01-01,2020,vietnam-200101.osm.pbf,An Khánh,road_km,103.069
2020-01-01,2020,vietnam-200101.osm.pbf,Tăng Nhơn Phú A,road_km,124.332
2020-01-01,2020,vietnam-200101.osm.pbf,Linh Chiểu,road_km,56.545
2020-01-01,2020,vietnam-200101.osm.pbf,Long Bình,road_km,254.406
2020-01-01,2020,vietnam-200101.osm.pbf,An Phú,road_km,249.753
2020-01-01,2020,vietnam-200101.osm.pbf,Thảo Điền,road_km,111.815
2020-01-01,2020,vietnam-200101.osm.pbf,Linh Tây,road_km,56.385
2020-01-01,2020,vietnam-200101.osm.pbf,Trường Thạnh,road_km,174.489
2020-01-01,2020,vietnam-200101.osm.pbf,Long Thạnh Mỹ,road_km,237.735
2020-01-01,2020,vietnam-200101.osm.pbf,Tân Phú,road_km,153.078
2020-01-01,2020,vietnam-200101.osm.pbf,Linh Đông,road_km,99.963
2020-01-01,2020,vietnam-200101.osm.pbf,Tăng Nhơn Phú B,road_km,138.699
2020-01-01,2020,vietnam-200101.osm.pbf,Hiệp Bình Chánh,road_km,246.08
2020-01-01,2020,vietnam-200101.osm.pbf,Tam Phú,road_km,88.246
2020-01-01,2020,vietnam-200101.osm.pbf,Bình Chiểu,road_km,185.15
2020-01-01,2020,vietnam-200101.osm.pbf,Phước Long B,road_km,224.869
2020-01-01,2020,vietnam-200101.osm.pbf,Phước Long A,road_km,93.711
2020-01-01,2020,vietnam-200101.osm.pbf,Tam Bình,road_km,88.537
2020-01-01,2020,vietnam-200101.osm.pbf,Phú Hữu,road_km,265.403
2020-01-01,2020,vietnam-200101.osm.pbf,Trường Thọ,road_km,143.544
2020-01-01,2020,vietnam-200101.osm.pbf,Thạnh Mỹ Lợi,road_km,206.094
2020-01-01,2020,vietnam-200101.osm.pbf,Hiệp Bình Phước,road_km,237.001
2020-01-01,2020,vietnam-200101.osm.pbf,Thủ Thiêm,road_km,62.995
2020-01-01,2020,vietnam-200101.osm.pbf,An Lợi Đông,road_km,66.183
2020-01-01,2020,vietnam-200101.osm.pbf,Long Trường,road_km,141.509
2020-01-01,2020,vietnam-200101.osm.pbf,Bình Trưng Tây,road_km,61.742
2021-01-01,2021,vietnam-210101.osm.pbf,Bình Thọ,food_outlet,64.0
2021-01-01,2021,vietnam-210101.osm.pbf,Hiệp Phú,food_outlet,22.0
2021-01-01,2021,vietnam-210101.osm.pbf,Linh Đông,food_outlet,12.0
2021-01-01,2021,vietnam-210101.osm.pbf,An Khánh,food_outlet,20.0
2021-01-01,2021,vietnam-210101.osm.pbf,An Phú,food_outlet,48.0
2021-01-01,2021,vietnam-210101.osm.pbf,Trường Thọ,food_outlet,10.0
2021-01-01,2021,vietnam-210101.osm.pbf,An Phú,shop,64.0
2021-01-01,2021,vietnam-210101.osm.pbf,Bình Trưng Đông,education,10.0
2021-01-01,2021,vietnam-210101.osm.pbf,Linh Trung,education,32.0
2021-01-01,2021,vietnam-210101.osm.pbf,Long Trường,education,6.0
2021-01-01,2021,vietnam-210101.osm.pbf,Thảo Điền,food_outlet,138.0
2021-01-01,2021,vietnam-210101.osm.pbf,Thảo Điền,shop,92.0
2021-01-01,2021,vietnam-210101.osm.pbf,Long Bình,food_outlet,10.0
2021-01-01,2021,vietnam-210101.osm.pbf,Trường Thạnh,food_outlet,6.0
2021-01-01,2021,vietnam-210101.osm.pbf,Phú Hữu,shop,6.0
2021-01-01,2021,vietnam-210101.osm.pbf,Bình Trưng Tây,shop,14.0
2021-01-01,2021,vietnam-210101.osm.pbf,Bình Trưng Tây,education,4.0
2021-01-01,2021,vietnam-210101.osm.pbf,Phú Hữu,education,4.0
2021-01-01,2021,vietnam-210101.osm.pbf,Tăng Nhơn Phú B,education,6.0
2021-01-01,2021,vietnam-210101.osm.pbf,Tăng Nhơn Phú B,marketplace,2.0
2021-01-01,2021,vietnam-210101.osm.pbf,Tăng Nhơn Phú B,health,4.0
2021-01-01,2021,vietnam-210101.osm.pbf,Tăng Nhơn Phú B,religious_premises,4.0
2021-01-01,2021,vietnam-210101.osm.pbf,An Khánh,marketplace,4.0
2021-01-01,2021,vietnam-210101.osm.pbf,Bình Thọ,education,30.0
2021-01-01,2021,vietnam-210101.osm.pbf,Linh Chiểu,food_outlet,12.0
2021-01-01,2021,vietnam-210101.osm.pbf,Bình Trưng Đông,food_outlet,6.0
2021-01-01,2021,vietnam-210101.osm.pbf,Bình Trưng Đông,shop,14.0
2021-01-01,2021,vietnam-210101.osm.pbf,Bình Thọ,shop,94.0
2021-01-01,2021,vietnam-210101.osm.pbf,Linh Chiểu,shop,34.0
2021-01-01,2021,vietnam-210101.osm.pbf,Bình Thọ,health,10.0
2021-01-01,2021,vietnam-210101.osm.pbf,Linh Chiểu,health,4.0
2021-01-01,2021,vietnam-210101.osm.pbf,Linh Trung,health,16.0
2021-01-01,2021,vietnam-210101.osm.pbf,Linh Tây,shop,28.0
2021-01-01,2021,vietnam-210101.osm.pbf,Hiệp Phú,health,2.0
2021-01-01,2021,vietnam-210101.osm.pbf,Bình Thọ,religious_premises,12.0
2021-01-01,2021,vietnam-210101.osm.pbf,Hiệp Phú,shop,44.0
2021-01-01,2021,vietnam-210101.osm.pbf,Linh Trung,food_outlet,22.0
2021-01-01,2021,vietnam-210101.osm.pbf,Linh Xuân,religious_premises,14.0
2021-01-01,2021,vietnam-210101.osm.pbf,Bình Trưng Đông,religious_premises,6.0
2021-01-01,2021,vietnam-210101.osm.pbf,Bình Trưng Đông,public_space,4.0
2021-01-01,2021,vietnam-210101.osm.pbf,Hiệp Bình Chánh,shop,60.0
2021-01-01,2021,vietnam-210101.osm.pbf,Linh Chiểu,public_space,38.0
2021-01-01,2021,vietnam-210101.osm.pbf,Hiệp Phú,education,20.0
2021-01-01,2021,vietnam-210101.osm.pbf,Thảo Điền,education,22.0
2021-01-01,2021,vietnam-210101.osm.pbf,Linh Đông,education,4.0
2021-01-01,2021,vietnam-210101.osm.pbf,Trường Thọ,religious_premises,4.0
2021-01-01,2021,vietnam-210101.osm.pbf,Long Bình,religious_premises,14.0
2021-01-01,2021,vietnam-210101.osm.pbf,Tăng Nhơn Phú A,religious_premises,4.0
2021-01-01,2021,vietnam-210101.osm.pbf,Bình Trưng Tây,food_outlet,2.0
2021-01-01,2021,vietnam-210101.osm.pbf,Phú Hữu,food_outlet,2.0
2021-01-01,2021,vietnam-210101.osm.pbf,Hiệp Bình Chánh,food_outlet,28.0
2021-01-01,2021,vietnam-210101.osm.pbf,Tăng Nhơn Phú B,shop,58.0
2021-01-01,2021,vietnam-210101.osm.pbf,Tăng Nhơn Phú B,food_outlet,14.0
2021-01-01,2021,vietnam-210101.osm.pbf,Tăng Nhơn Phú A,shop,14.0
2021-01-01,2021,vietnam-210101.osm.pbf,Long Bình,education,10.0
2021-01-01,2021,vietnam-210101.osm.pbf,Hiệp Phú,religious_premises,2.0
2021-01-01,2021,vietnam-210101.osm.pbf,Hiệp Bình Phước,public_space,14.0
2021-01-01,2021,vietnam-210101.osm.pbf,Hiệp Bình Phước,shop,30.0
2021-01-01,2021,vietnam-210101.osm.pbf,Trường Thọ,shop,20.0
2021-01-01,2021,vietnam-210101.osm.pbf,Phước Long B,shop,130.0
2021-01-01,2021,vietnam-210101.osm.pbf,Tăng Nhơn Phú A,food_outlet,10.0
2021-01-01,2021,vietnam-210101.osm.pbf,Long Trường,shop,8.0
2021-01-01,2021,vietnam-210101.osm.pbf,An Lợi Đông,public_space,18.0
2021-01-01,2021,vietnam-210101.osm.pbf,Long Phước,religious_premises,2.0
2021-01-01,2021,vietnam-210101.osm.pbf,Linh Đông,shop,42.0
2021-01-01,2021,vietnam-210101.osm.pbf,An Khánh,shop,38.0
2021-01-01,2021,vietnam-210101.osm.pbf,Long Thạnh Mỹ,shop,6.0
2021-01-01,2021,vietnam-210101.osm.pbf,Trường Thạnh,shop,4.0
2021-01-01,2021,vietnam-210101.osm.pbf,Tam Phú,religious_premises,2.0
2021-01-01,2021,vietnam-210101.osm.pbf,Linh Xuân,education,6.0
2021-01-01,2021,vietnam-210101.osm.pbf,Linh Tây,food_outlet,2.0
2021-01-01,2021,vietnam-210101.osm.pbf,Thạnh Mỹ Lợi,shop,18.0
2021-01-01,2021,vietnam-210101.osm.pbf,Bình Trưng Tây,health,6.0
2021-01-01,2021,vietnam-210101.osm.pbf,Bình Trưng Đông,health,2.0
2021-01-01,2021,vietnam-210101.osm.pbf,Thạnh Mỹ Lợi,public_space,18.0
2021-01-01,2021,vietnam-210101.osm.pbf,Linh Chiểu,education,26.0
2021-01-01,2021,vietnam-210101.osm.pbf,An Khánh,education,8.0
2021-01-01,2021,vietnam-210101.osm.pbf,An Phú,education,20.0
2021-01-01,2021,vietnam-210101.osm.pbf,Linh Trung,shop,64.0
2021-01-01,2021,vietnam-210101.osm.pbf,Tam Phú,health,4.0
2021-01-01,2021,vietnam-210101.osm.pbf,Tam Phú,shop,26.0
2021-01-01,2021,vietnam-210101.osm.pbf,Linh Xuân,shop,34.0
2021-01-01,2021,vietnam-210101.osm.pbf,Bình Chiểu,shop,42.0
2021-01-01,2021,vietnam-210101.osm.pbf,Phước Long B,food_outlet,10.0
2021-01-01,2021,vietnam-210101.osm.pbf,Phước Long A,shop,32.0
2021-01-01,2021,vietnam-210101.osm.pbf,Phước Bình,shop,12.0
2021-01-01,2021,vietnam-210101.osm.pbf,Hiệp Bình Chánh,education,6.0
2021-01-01,2021,vietnam-210101.osm.pbf,Hiệp Bình Phước,education,8.0
2021-01-01,2021,vietnam-210101.osm.pbf,Tam Bình,shop,8.0
2021-01-01,2021,vietnam-210101.osm.pbf,Cát Lái,education,2.0
2021-01-01,2021,vietnam-210101.osm.pbf,Cát Lái,shop,14.0
2021-01-01,2021,vietnam-210101.osm.pbf,Linh Xuân,food_outlet,2.0
2021-01-01,2021,vietnam-210101.osm.pbf,Linh Trung,public_space,44.0
2021-01-01,2021,vietnam-210101.osm.pbf,Tam Phú,food_outlet,2.0
2021-01-01,2021,vietnam-210101.osm.pbf,Linh Trung,religious_premises,10.0
2021-01-01,2021,vietnam-210101.osm.pbf,Tam Bình,religious_premises,4.0
2021-01-01,2021,vietnam-210101.osm.pbf,Bình Chiểu,marketplace,2.0
2021-01-01,2021,vietnam-210101.osm.pbf,Phước Long A,health,2.0
2021-01-01,2021,vietnam-210101.osm.pbf,Thạnh Mỹ Lợi,education,6.0
2021-01-01,2021,vietnam-210101.osm.pbf,Phước Long B,education,12.0
2021-01-01,2021,vietnam-210101.osm.pbf,Tân Phú,food_outlet,4.0
2021-01-01,2021,vietnam-210101.osm.pbf,Bình Chiểu,religious_premises,18.0
2021-01-01,2021,vietnam-210101.osm.pbf,Tam Bình,education,2.0
2021-01-01,2021,vietnam-210101.osm.pbf,Linh Đông,religious_premises,6.0
2021-01-01,2021,vietnam-210101.osm.pbf,Tăng Nhơn Phú A,education,14.0
2021-01-01,2021,vietnam-210101.osm.pbf,Hiệp Bình Chánh,religious_premises,6.0
2021-01-01,2021,vietnam-210101.osm.pbf,Tam Bình,health,4.0
2021-01-01,2021,vietnam-210101.osm.pbf,An Phú,religious_premises,12.0
2021-01-01,2021,vietnam-210101.osm.pbf,Cát Lái,food_outlet,6.0
2021-01-01,2021,vietnam-210101.osm.pbf,Hiệp Bình Phước,food_outlet,8.0
2021-01-01,2021,vietnam-210101.osm.pbf,Tân Phú,religious_premises,10.0
2021-01-01,2021,vietnam-210101.osm.pbf,Long Thạnh Mỹ,education,16.0
2021-01-01,2021,vietnam-210101.osm.pbf,Linh Xuân,health,2.0
2021-01-01,2021,vietnam-210101.osm.pbf,Thảo Điền,health,4.0
2021-01-01,2021,vietnam-210101.osm.pbf,An Phú,public_space,44.0
2021-01-01,2021,vietnam-210101.osm.pbf,Hiệp Bình Chánh,health,302.0
2021-01-01,2021,vietnam-210101.osm.pbf,Hiệp Bình Phước,health,16.0
2021-01-01,2021,vietnam-210101.osm.pbf,Long Trường,food_outlet,2.0
2021-01-01,2021,vietnam-210101.osm.pbf,An Lợi Đông,shop,18.0
2021-01-01,2021,vietnam-210101.osm.pbf,Phước Bình,health,4.0
2021-01-01,2021,vietnam-210101.osm.pbf,Phước Long A,religious_premises,2.0
2021-01-01,2021,vietnam-210101.osm.pbf,An Lợi Đông,food_outlet,4.0
2021-01-01,2021,vietnam-210101.osm.pbf,An Lợi Đông,health,2.0
2021-01-01,2021,vietnam-210101.osm.pbf,Linh Chiểu,religious_premises,6.0
2021-01-01,2021,vietnam-210101.osm.pbf,An Khánh,religious_premises,6.0
2021-01-01,2021,vietnam-210101.osm.pbf,Cát Lái,public_space,4.0
2021-01-01,2021,vietnam-210101.osm.pbf,Linh Tây,public_space,4.0
2021-01-01,2021,vietnam-210101.osm.pbf,Long Bình,public_space,12.0
2021-01-01,2021,vietnam-210101.osm.pbf,Tân Phú,education,10.0
2021-01-01,2021,vietnam-210101.osm.pbf,Tân Phú,marketplace,2.0
2021-01-01,2021,vietnam-210101.osm.pbf,Tam Phú,education,6.0
2021-01-01,2021,vietnam-210101.osm.pbf,Tân Phú,public_space,10.0
2021-01-01,2021,vietnam-210101.osm.pbf,Long Thạnh Mỹ,religious_premises,10.0
2021-01-01,2021,vietnam-210101.osm.pbf,Tam Bình,marketplace,4.0
2021-01-01,2021,vietnam-210101.osm.pbf,Bình Thọ,public_space,8.0
2021-01-01,2021,vietnam-210101.osm.pbf,Trường Thọ,marketplace,2.0
2021-01-01,2021,vietnam-210101.osm.pbf,Thủ Thiêm,religious_premises,6.0
2021-01-01,2021,vietnam-210101.osm.pbf,Thảo Điền,public_space,32.0
2021-01-01,2021,vietnam-210101.osm.pbf,Phước Long A,public_space,2.0
2021-01-01,2021,vietnam-210101.osm.pbf,Tăng Nhơn Phú B,public_space,10.0
2021-01-01,2021,vietnam-210101.osm.pbf,Tăng Nhơn Phú A,public_space,22.0
2021-01-01,2021,vietnam-210101.osm.pbf,Phước Long B,public_space,6.0
2021-01-01,2021,vietnam-210101.osm.pbf,Linh Tây,education,4.0
2021-01-01,2021,vietnam-210101.osm.pbf,Hiệp Phú,public_space,8.0
2021-01-01,2021,vietnam-210101.osm.pbf,Hiệp Bình Chánh,public_space,4.0
2021-01-01,2021,vietnam-210101.osm.pbf,Phước Bình,marketplace,2.0
2021-01-01,2021,vietnam-210101.osm.pbf,Phước Bình,education,16.0
2021-01-01,2021,vietnam-210101.osm.pbf,Phước Bình,religious_premises,4.0
2021-01-01,2021,vietnam-210101.osm.pbf,Linh Đông,public_space,4.0
2021-01-01,2021,vietnam-210101.osm.pbf,Tam Bình,public_space,6.0
2021-01-01,2021,vietnam-210101.osm.pbf,Bình Thọ,marketplace,2.0
2021-01-01,2021,vietnam-210101.osm.pbf,Hiệp Bình Chánh,marketplace,2.0
2021-01-01,2021,vietnam-210101.osm.pbf,Trường Thọ,public_space,2.0
2021-01-01,2021,vietnam-210101.osm.pbf,Thảo Điền,marketplace,4.0
2021-01-01,2021,vietnam-210101.osm.pbf,Thủ Thiêm,public_space,4.0
2021-01-01,2021,vietnam-210101.osm.pbf,Bình Trưng Tây,public_space,4.0
2021-01-01,2021,vietnam-210101.osm.pbf,Thạnh Mỹ Lợi,health,4.0
2021-01-01,2021,vietnam-210101.osm.pbf,Thạnh Mỹ Lợi,religious_premises,2.0
2021-01-01,2021,vietnam-210101.osm.pbf,Thạnh Mỹ Lợi,marketplace,2.0
2021-01-01,2021,vietnam-210101.osm.pbf,Phước Long A,education,6.0
2021-01-01,2021,vietnam-210101.osm.pbf,Linh Tây,marketplace,2.0
2021-01-01,2021,vietnam-210101.osm.pbf,Trường Thọ,education,2.0
2021-01-01,2021,vietnam-210101.osm.pbf,Linh Trung,marketplace,2.0
2021-01-01,2021,vietnam-210101.osm.pbf,Bình Chiểu,public_space,2.0
2021-01-01,2021,vietnam-210101.osm.pbf,Bình Chiểu,education,10.0
2021-01-01,2021,vietnam-210101.osm.pbf,Linh Xuân,public_space,8.0
2021-01-01,2021,vietnam-210101.osm.pbf,Hiệp Bình Phước,religious_premises,2.0
2021-01-01,2021,vietnam-210101.osm.pbf,An Khánh,public_space,6.0
2021-01-01,2021,vietnam-210101.osm.pbf,Tăng Nhơn Phú A,health,2.0
2021-01-01,2021,vietnam-210101.osm.pbf,Tăng Nhơn Phú A,marketplace,2.0
2021-01-01,2021,vietnam-210101.osm.pbf,Cát Lái,religious_premises,4.0
2021-01-01,2021,vietnam-210101.osm.pbf,Tân Phú,health,2.0
2021-01-01,2021,vietnam-210101.osm.pbf,Long Trường,religious_premises,2.0
2021-01-01,2021,vietnam-210101.osm.pbf,Thạnh Mỹ Lợi,food_outlet,8.0
2021-01-01,2021,vietnam-210101.osm.pbf,Bình Trưng Tây,religious_premises,4.0
2021-01-01,2021,vietnam-210101.osm.pbf,Cát Lái,marketplace,2.0
2021-01-01,2021,vietnam-210101.osm.pbf,Long Bình,shop,2.0
2021-01-01,2021,vietnam-210101.osm.pbf,Long Thạnh Mỹ,public_space,6.0
2021-01-01,2021,vietnam-210101.osm.pbf,Trường Thạnh,public_space,6.0
2021-01-01,2021,vietnam-210101.osm.pbf,Phú Hữu,public_space,4.0
2021-01-01,2021,vietnam-210101.osm.pbf,Bình Trưng Tây,marketplace,2.0
2021-01-01,2021,vietnam-210101.osm.pbf,Linh Trung,road_km,295.675
2021-01-01,2021,vietnam-210101.osm.pbf,Bình Trưng Đông,road_km,94.572
2021-01-01,2021,vietnam-210101.osm.pbf,Phước Bình,road_km,35.894
2021-01-01,2021,vietnam-210101.osm.pbf,Hiệp Phú,road_km,90.659
2021-01-01,2021,vietnam-210101.osm.pbf,Long Phước,road_km,215.39
2021-01-01,2021,vietnam-210101.osm.pbf,Bình Thọ,road_km,52.361
2021-01-01,2021,vietnam-210101.osm.pbf,Linh Xuân,road_km,153.674
2021-01-01,2021,vietnam-210101.osm.pbf,Cát Lái,road_km,216.336
2021-01-01,2021,vietnam-210101.osm.pbf,An Khánh,road_km,103.921
2021-01-01,2021,vietnam-210101.osm.pbf,Tăng Nhơn Phú A,road_km,126.161
2021-01-01,2021,vietnam-210101.osm.pbf,Linh Chiểu,road_km,53.945
2021-01-01,2021,vietnam-210101.osm.pbf,Long Bình,road_km,319.109
2021-01-01,2021,vietnam-210101.osm.pbf,An Phú,road_km,257.573
2021-01-01,2021,vietnam-210101.osm.pbf,Thảo Điền,road_km,115.756
2021-01-01,2021,vietnam-210101.osm.pbf,Linh Tây,road_km,52.778
2021-01-01,2021,vietnam-210101.osm.pbf,Trường Thạnh,road_km,196.89
2021-01-01,2021,vietnam-210101.osm.pbf,Long Thạnh Mỹ,road_km,272.195
2021-01-01,2021,vietnam-210101.osm.pbf,Tân Phú,road_km,156.593
2021-01-01,2021,vietnam-210101.osm.pbf,Linh Đông,road_km,104.828
2021-01-01,2021,vietnam-210101.osm.pbf,Tăng Nhơn Phú B,road_km,144.312
2021-01-01,2021,vietnam-210101.osm.pbf,Hiệp Bình Chánh,road_km,247.643
2021-01-01,2021,vietnam-210101.osm.pbf,Tam Phú,road_km,89.195
2021-01-01,2021,vietnam-210101.osm.pbf,Bình Chiểu,road_km,185.062
2021-01-01,2021,vietnam-210101.osm.pbf,Phước Long B,road_km,225.367
2021-01-01,2021,vietnam-210101.osm.pbf,Phước Long A,road_km,94.34
2021-01-01,2021,vietnam-210101.osm.pbf,Tam Bình,road_km,88.494
2021-01-01,2021,vietnam-210101.osm.pbf,Phú Hữu,road_km,316.05
2021-01-01,2021,vietnam-210101.osm.pbf,Trường Thọ,road_km,144.784
2021-01-01,2021,vietnam-210101.osm.pbf,Thạnh Mỹ Lợi,road_km,249.377
2021-01-01,2021,vietnam-210101.osm.pbf,Hiệp Bình Phước,road_km,237.03
2021-01-01,2021,vietnam-210101.osm.pbf,Thủ Thiêm,road_km,66.183
2021-01-01,2021,vietnam-210101.osm.pbf,An Lợi Đông,road_km,68.519
2021-01-01,2021,vietnam-210101.osm.pbf,Long Trường,road_km,173.445
2021-01-01,2021,vietnam-210101.osm.pbf,Bình Trưng Tây,road_km,65.861
2022-01-01,2022,vietnam-220101.osm.pbf,Bình Thọ,food_outlet,66.0
2022-01-01,2022,vietnam-220101.osm.pbf,Hiệp Phú,food_outlet,22.0
2022-01-01,2022,vietnam-220101.osm.pbf,Linh Đông,food_outlet,14.0
2022-01-01,2022,vietnam-220101.osm.pbf,An Khánh,food_outlet,20.0
2022-01-01,2022,vietnam-220101.osm.pbf,An Phú,food_outlet,48.0
2022-01-01,2022,vietnam-220101.osm.pbf,Trường Thọ,food_outlet,10.0
2022-01-01,2022,vietnam-220101.osm.pbf,An Phú,shop,66.0
2022-01-01,2022,vietnam-220101.osm.pbf,Bình Trưng Đông,education,10.0
2022-01-01,2022,vietnam-220101.osm.pbf,Linh Trung,education,32.0
2022-01-01,2022,vietnam-220101.osm.pbf,Long Trường,education,6.0
2022-01-01,2022,vietnam-220101.osm.pbf,Thảo Điền,food_outlet,146.0
2022-01-01,2022,vietnam-220101.osm.pbf,Thảo Điền,shop,98.0
2022-01-01,2022,vietnam-220101.osm.pbf,Trường Thạnh,food_outlet,6.0
2022-01-01,2022,vietnam-220101.osm.pbf,Phú Hữu,shop,6.0
2022-01-01,2022,vietnam-220101.osm.pbf,Bình Trưng Tây,shop,18.0
2022-01-01,2022,vietnam-220101.osm.pbf,Bình Trưng Tây,education,4.0
2022-01-01,2022,vietnam-220101.osm.pbf,Phú Hữu,education,4.0
2022-01-01,2022,vietnam-220101.osm.pbf,Tăng Nhơn Phú B,education,6.0
2022-01-01,2022,vietnam-220101.osm.pbf,Tăng Nhơn Phú B,marketplace,2.0
2022-01-01,2022,vietnam-220101.osm.pbf,Tăng Nhơn Phú B,health,4.0
2022-01-01,2022,vietnam-220101.osm.pbf,Tăng Nhơn Phú B,religious_premises,4.0
2022-01-01,2022,vietnam-220101.osm.pbf,An Khánh,marketplace,4.0
2022-01-01,2022,vietnam-220101.osm.pbf,Bình Thọ,education,30.0
2022-01-01,2022,vietnam-220101.osm.pbf,Linh Chiểu,food_outlet,12.0
2022-01-01,2022,vietnam-220101.osm.pbf,Bình Trưng Đông,food_outlet,6.0
2022-01-01,2022,vietnam-220101.osm.pbf,Bình Trưng Đông,shop,16.0
2022-01-01,2022,vietnam-220101.osm.pbf,Bình Thọ,shop,94.0
2022-01-01,2022,vietnam-220101.osm.pbf,Linh Chiểu,shop,34.0
2022-01-01,2022,vietnam-220101.osm.pbf,Bình Thọ,health,10.0
2022-01-01,2022,vietnam-220101.osm.pbf,Linh Chiểu,health,4.0
2022-01-01,2022,vietnam-220101.osm.pbf,Linh Trung,health,16.0
2022-01-01,2022,vietnam-220101.osm.pbf,Linh Tây,shop,30.0
2022-01-01,2022,vietnam-220101.osm.pbf,Hiệp Phú,health,4.0
2022-01-01,2022,vietnam-220101.osm.pbf,Bình Thọ,religious_premises,12.0
2022-01-01,2022,vietnam-220101.osm.pbf,Hiệp Phú,shop,42.0
2022-01-01,2022,vietnam-220101.osm.pbf,Linh Trung,food_outlet,22.0
2022-01-01,2022,vietnam-220101.osm.pbf,Linh Xuân,religious_premises,14.0
2022-01-01,2022,vietnam-220101.osm.pbf,Bình Trưng Đông,religious_premises,6.0
2022-01-01,2022,vietnam-220101.osm.pbf,Bình Trưng Đông,public_space,4.0
2022-01-01,2022,vietnam-220101.osm.pbf,Hiệp Bình Chánh,shop,60.0
2022-01-01,2022,vietnam-220101.osm.pbf,Linh Chiểu,public_space,38.0
2022-01-01,2022,vietnam-220101.osm.pbf,Hiệp Phú,education,20.0
2022-01-01,2022,vietnam-220101.osm.pbf,Thảo Điền,education,22.0
2022-01-01,2022,vietnam-220101.osm.pbf,Linh Đông,education,4.0
2022-01-01,2022,vietnam-220101.osm.pbf,Trường Thọ,religious_premises,4.0
2022-01-01,2022,vietnam-220101.osm.pbf,Long Bình,religious_premises,12.0
2022-01-01,2022,vietnam-220101.osm.pbf,Tăng Nhơn Phú A,religious_premises,4.0
2022-01-01,2022,vietnam-220101.osm.pbf,Bình Trưng Tây,food_outlet,2.0
2022-01-01,2022,vietnam-220101.osm.pbf,Phú Hữu,food_outlet,2.0
2022-01-01,2022,vietnam-220101.osm.pbf,Hiệp Bình Chánh,food_outlet,28.0
2022-01-01,2022,vietnam-220101.osm.pbf,Tăng Nhơn Phú B,shop,48.0
2022-01-01,2022,vietnam-220101.osm.pbf,Tăng Nhơn Phú B,food_outlet,14.0
2022-01-01,2022,vietnam-220101.osm.pbf,Tăng Nhơn Phú A,shop,14.0
2022-01-01,2022,vietnam-220101.osm.pbf,Long Bình,education,10.0
2022-01-01,2022,vietnam-220101.osm.pbf,Hiệp Phú,religious_premises,2.0
2022-01-01,2022,vietnam-220101.osm.pbf,Hiệp Bình Phước,public_space,14.0
2022-01-01,2022,vietnam-220101.osm.pbf,Hiệp Bình Phước,shop,46.0
2022-01-01,2022,vietnam-220101.osm.pbf,Trường Thọ,shop,20.0
2022-01-01,2022,vietnam-220101.osm.pbf,Phước Long B,shop,128.0
2022-01-01,2022,vietnam-220101.osm.pbf,Long Bình,food_outlet,4.0
2022-01-01,2022,vietnam-220101.osm.pbf,Tăng Nhơn Phú A,food_outlet,12.0
2022-01-01,2022,vietnam-220101.osm.pbf,Long Trường,shop,4.0
2022-01-01,2022,vietnam-220101.osm.pbf,An Lợi Đông,public_space,18.0
2022-01-01,2022,vietnam-220101.osm.pbf,Long Phước,religious_premises,2.0
2022-01-01,2022,vietnam-220101.osm.pbf,Linh Đông,shop,42.0
2022-01-01,2022,vietnam-220101.osm.pbf,An Khánh,shop,38.0
2022-01-01,2022,vietnam-220101.osm.pbf,Long Thạnh Mỹ,shop,6.0
2022-01-01,2022,vietnam-220101.osm.pbf,Trường Thạnh,shop,4.0
2022-01-01,2022,vietnam-220101.osm.pbf,Tam Phú,religious_premises,2.0
2022-01-01,2022,vietnam-220101.osm.pbf,Linh Xuân,education,6.0
2022-01-01,2022,vietnam-220101.osm.pbf,Linh Tây,food_outlet,2.0
2022-01-01,2022,vietnam-220101.osm.pbf,Thạnh Mỹ Lợi,shop,18.0
2022-01-01,2022,vietnam-220101.osm.pbf,Bình Trưng Tây,health,6.0
2022-01-01,2022,vietnam-220101.osm.pbf,Bình Trưng Đông,health,2.0
2022-01-01,2022,vietnam-220101.osm.pbf,Thạnh Mỹ Lợi,public_space,20.0
2022-01-01,2022,vietnam-220101.osm.pbf,Linh Chiểu,education,26.0
2022-01-01,2022,vietnam-220101.osm.pbf,An Khánh,education,8.0
2022-01-01,2022,vietnam-220101.osm.pbf,An Phú,education,20.0
2022-01-01,2022,vietnam-220101.osm.pbf,Linh Trung,shop,64.0
2022-01-01,2022,vietnam-220101.osm.pbf,Tam Phú,health,4.0
2022-01-01,2022,vietnam-220101.osm.pbf,Tam Phú,shop,26.0
2022-01-01,2022,vietnam-220101.osm.pbf,Linh Xuân,shop,34.0
2022-01-01,2022,vietnam-220101.osm.pbf,Bình Chiểu,shop,42.0
2022-01-01,2022,vietnam-220101.osm.pbf,Phước Long B,food_outlet,10.0
2022-01-01,2022,vietnam-220101.osm.pbf,Phước Long A,shop,16.0
2022-01-01,2022,vietnam-220101.osm.pbf,Phước Bình,shop,12.0
2022-01-01,2022,vietnam-220101.osm.pbf,Hiệp Bình Chánh,education,6.0
2022-01-01,2022,vietnam-220101.osm.pbf,Hiệp Bình Phước,education,8.0
2022-01-01,2022,vietnam-220101.osm.pbf,Tam Bình,shop,8.0
2022-01-01,2022,vietnam-220101.osm.pbf,Cát Lái,education,2.0
2022-01-01,2022,vietnam-220101.osm.pbf,Cát Lái,shop,18.0
2022-01-01,2022,vietnam-220101.osm.pbf,Linh Xuân,food_outlet,2.0
2022-01-01,2022,vietnam-220101.osm.pbf,Tam Phú,food_outlet,2.0
2022-01-01,2022,vietnam-220101.osm.pbf,Linh Trung,religious_premises,10.0
2022-01-01,2022,vietnam-220101.osm.pbf,Tam Bình,religious_premises,4.0
2022-01-01,2022,vietnam-220101.osm.pbf,Bình Chiểu,marketplace,2.0
2022-01-01,2022,vietnam-220101.osm.pbf,Phước Long A,health,2.0
2022-01-01,2022,vietnam-220101.osm.pbf,Thạnh Mỹ Lợi,education,8.0
2022-01-01,2022,vietnam-220101.osm.pbf,Tân Phú,food_outlet,4.0
2022-01-01,2022,vietnam-220101.osm.pbf,Bình Chiểu,religious_premises,18.0
2022-01-01,2022,vietnam-220101.osm.pbf,Tam Bình,education,2.0
2022-01-01,2022,vietnam-220101.osm.pbf,Linh Đông,religious_premises,6.0
2022-01-01,2022,vietnam-220101.osm.pbf,Tăng Nhơn Phú A,education,14.0
2022-01-01,2022,vietnam-220101.osm.pbf,Hiệp Bình Chánh,religious_premises,6.0
2022-01-01,2022,vietnam-220101.osm.pbf,Tam Bình,health,4.0
2022-01-01,2022,vietnam-220101.osm.pbf,An Phú,religious_premises,12.0
2022-01-01,2022,vietnam-220101.osm.pbf,Cát Lái,food_outlet,6.0
2022-01-01,2022,vietnam-220101.osm.pbf,Hiệp Bình Phước,food_outlet,8.0
2022-01-01,2022,vietnam-220101.osm.pbf,Tân Phú,religious_premises,10.0
2022-01-01,2022,vietnam-220101.osm.pbf,Long Thạnh Mỹ,education,16.0
2022-01-01,2022,vietnam-220101.osm.pbf,Linh Xuân,health,2.0
2022-01-01,2022,vietnam-220101.osm.pbf,Thảo Điền,health,4.0
2022-01-01,2022,vietnam-220101.osm.pbf,An Phú,public_space,44.0
2022-01-01,2022,vietnam-220101.osm.pbf,Hiệp Bình Chánh,health,302.0
2022-01-01,2022,vietnam-220101.osm.pbf,Hiệp Bình Phước,health,16.0
2022-01-01,2022,vietnam-220101.osm.pbf,Long Trường,food_outlet,2.0
2022-01-01,2022,vietnam-220101.osm.pbf,An Lợi Đông,shop,18.0
2022-01-01,2022,vietnam-220101.osm.pbf,Phước Bình,health,4.0
2022-01-01,2022,vietnam-220101.osm.pbf,Phước Long A,religious_premises,2.0
2022-01-01,2022,vietnam-220101.osm.pbf,An Lợi Đông,food_outlet,4.0
2022-01-01,2022,vietnam-220101.osm.pbf,An Lợi Đông,health,2.0
2022-01-01,2022,vietnam-220101.osm.pbf,Linh Chiểu,religious_premises,6.0
2022-01-01,2022,vietnam-220101.osm.pbf,An Khánh,religious_premises,6.0
2022-01-01,2022,vietnam-220101.osm.pbf,Linh Trung,public_space,50.0
2022-01-01,2022,vietnam-220101.osm.pbf,Bình Trưng Tây,marketplace,4.0
2022-01-01,2022,vietnam-220101.osm.pbf,Cát Lái,public_space,4.0
2022-01-01,2022,vietnam-220101.osm.pbf,Linh Tây,public_space,4.0
2022-01-01,2022,vietnam-220101.osm.pbf,Long Bình,public_space,12.0
2022-01-01,2022,vietnam-220101.osm.pbf,Tân Phú,education,10.0
2022-01-01,2022,vietnam-220101.osm.pbf,Tân Phú,marketplace,2.0
2022-01-01,2022,vietnam-220101.osm.pbf,Tam Phú,education,6.0
2022-01-01,2022,vietnam-220101.osm.pbf,Tân Phú,public_space,10.0
2022-01-01,2022,vietnam-220101.osm.pbf,Long Thạnh Mỹ,religious_premises,10.0
2022-01-01,2022,vietnam-220101.osm.pbf,Tam Bình,marketplace,4.0
2022-01-01,2022,vietnam-220101.osm.pbf,Bình Thọ,public_space,8.0
2022-01-01,2022,vietnam-220101.osm.pbf,Trường Thọ,marketplace,2.0
2022-01-01,2022,vietnam-220101.osm.pbf,Thủ Thiêm,religious_premises,6.0
2022-01-01,2022,vietnam-220101.osm.pbf,Thảo Điền,public_space,32.0
2022-01-01,2022,vietnam-220101.osm.pbf,Phước Long A,public_space,2.0
2022-01-01,2022,vietnam-220101.osm.pbf,Tăng Nhơn Phú B,public_space,10.0
2022-01-01,2022,vietnam-220101.osm.pbf,Tăng Nhơn Phú A,public_space,22.0
2022-01-01,2022,vietnam-220101.osm.pbf,Phước Long B,public_space,6.0
2022-01-01,2022,vietnam-220101.osm.pbf,Phước Long B,education,10.0
2022-01-01,2022,vietnam-220101.osm.pbf,Linh Tây,education,8.0
2022-01-01,2022,vietnam-220101.osm.pbf,Hiệp Phú,public_space,8.0
2022-01-01,2022,vietnam-220101.osm.pbf,Hiệp Bình Chánh,public_space,4.0
2022-01-01,2022,vietnam-220101.osm.pbf,Phước Bình,marketplace,2.0
2022-01-01,2022,vietnam-220101.osm.pbf,Phước Bình,education,16.0
2022-01-01,2022,vietnam-220101.osm.pbf,Phước Bình,religious_premises,4.0
2022-01-01,2022,vietnam-220101.osm.pbf,Linh Đông,public_space,4.0
2022-01-01,2022,vietnam-220101.osm.pbf,Tam Bình,public_space,6.0
2022-01-01,2022,vietnam-220101.osm.pbf,Bình Thọ,marketplace,2.0
2022-01-01,2022,vietnam-220101.osm.pbf,Hiệp Bình Chánh,marketplace,2.0
2022-01-01,2022,vietnam-220101.osm.pbf,Trường Thọ,public_space,2.0
2022-01-01,2022,vietnam-220101.osm.pbf,Thảo Điền,marketplace,4.0
2022-01-01,2022,vietnam-220101.osm.pbf,Thủ Thiêm,public_space,4.0
2022-01-01,2022,vietnam-220101.osm.pbf,Thạnh Mỹ Lợi,religious_premises,2.0
2022-01-01,2022,vietnam-220101.osm.pbf,Thạnh Mỹ Lợi,marketplace,2.0
2022-01-01,2022,vietnam-220101.osm.pbf,Phước Long A,education,6.0
2022-01-01,2022,vietnam-220101.osm.pbf,Linh Tây,marketplace,2.0
2022-01-01,2022,vietnam-220101.osm.pbf,Trường Thọ,education,2.0
2022-01-01,2022,vietnam-220101.osm.pbf,Linh Trung,marketplace,2.0
2022-01-01,2022,vietnam-220101.osm.pbf,Bình Chiểu,public_space,2.0
2022-01-01,2022,vietnam-220101.osm.pbf,Bình Chiểu,education,10.0
2022-01-01,2022,vietnam-220101.osm.pbf,Linh Xuân,public_space,8.0
2022-01-01,2022,vietnam-220101.osm.pbf,Hiệp Bình Phước,religious_premises,2.0
2022-01-01,2022,vietnam-220101.osm.pbf,Bình Trưng Tây,public_space,6.0
2022-01-01,2022,vietnam-220101.osm.pbf,An Khánh,public_space,6.0
2022-01-01,2022,vietnam-220101.osm.pbf,Tăng Nhơn Phú A,health,2.0
2022-01-01,2022,vietnam-220101.osm.pbf,Tăng Nhơn Phú A,marketplace,2.0
2022-01-01,2022,vietnam-220101.osm.pbf,Cát Lái,religious_premises,4.0
2022-01-01,2022,vietnam-220101.osm.pbf,Tân Phú,health,2.0
2022-01-01,2022,vietnam-220101.osm.pbf,Long Trường,religious_premises,2.0
2022-01-01,2022,vietnam-220101.osm.pbf,Thạnh Mỹ Lợi,food_outlet,14.0
2022-01-01,2022,vietnam-220101.osm.pbf,Bình Trưng Tây,religious_premises,4.0
2022-01-01,2022,vietnam-220101.osm.pbf,Cát Lái,marketplace,2.0
2022-01-01,2022,vietnam-220101.osm.pbf,Thạnh Mỹ Lợi,health,2.0
2022-01-01,2022,vietnam-220101.osm.pbf,Long Bình,shop,2.0
2022-01-01,2022,vietnam-220101.osm.pbf,Long Thạnh Mỹ,public_space,6.0
2022-01-01,2022,vietnam-220101.osm.pbf,Trường Thạnh,public_space,6.0
2022-01-01,2022,vietnam-220101.osm.pbf,Phú Hữu,public_space,4.0
2022-01-01,2022,vietnam-220101.osm.pbf,Linh Trung,road_km,313.462
2022-01-01,2022,vietnam-220101.osm.pbf,Bình Trưng Đông,road_km,109.687
2022-01-01,2022,vietnam-220101.osm.pbf,Phước Bình,road_km,37.751
2022-01-01,2022,vietnam-220101.osm.pbf,Hiệp Phú,road_km,97.413
2022-01-01,2022,vietnam-220101.osm.pbf,Long Phước,road_km,231.007
2022-01-01,2022,vietnam-220101.osm.pbf,Bình Thọ,road_km,51.754
2022-01-01,2022,vietnam-220101.osm.pbf,Linh Xuân,road_km,160.289
2022-01-01,2022,vietnam-220101.osm.pbf,Cát Lái,road_km,218.039
2022-01-01,2022,vietnam-220101.osm.pbf,An Khánh,road_km,112.634
2022-01-01,2022,vietnam-220101.osm.pbf,Tăng Nhơn Phú A,road_km,138.934
2022-01-01,2022,vietnam-220101.osm.pbf,Linh Chiểu,road_km,61.368
2022-01-01,2022,vietnam-220101.osm.pbf,Long Bình,road_km,329.774
2022-01-01,2022,vietnam-220101.osm.pbf,An Phú,road_km,283.193
2022-01-01,2022,vietnam-220101.osm.pbf,Thảo Điền,road_km,122.031
2022-01-01,2022,vietnam-220101.osm.pbf,Linh Tây,road_km,56.164
2022-01-01,2022,vietnam-220101.osm.pbf,Trường Thạnh,road_km,219.855
2022-01-01,2022,vietnam-220101.osm.pbf,Long Thạnh Mỹ,road_km,288.718
2022-01-01,2022,vietnam-220101.osm.pbf,Tân Phú,road_km,168.128
2022-01-01,2022,vietnam-220101.osm.pbf,Linh Đông,road_km,117.591
2022-01-01,2022,vietnam-220101.osm.pbf,Tăng Nhơn Phú B,road_km,165.904
2022-01-01,2022,vietnam-220101.osm.pbf,Hiệp Bình Chánh,road_km,277.965
2022-01-01,2022,vietnam-220101.osm.pbf,Tam Phú,road_km,97.548
2022-01-01,2022,vietnam-220101.osm.pbf,Bình Chiểu,road_km,200.99
2022-01-01,2022,vietnam-220101.osm.pbf,Phước Long B,road_km,235.206
2022-01-01,2022,vietnam-220101.osm.pbf,Phước Long A,road_km,102.666
2022-01-01,2022,vietnam-220101.osm.pbf,Tam Bình,road_km,93.396
2022-01-01,2022,vietnam-220101.osm.pbf,Phú Hữu,road_km,340.084
2022-01-01,2022,vietnam-220101.osm.pbf,Trường Thọ,road_km,165.763
2022-01-01,2022,vietnam-220101.osm.pbf,Thạnh Mỹ Lợi,road_km,267.73
2022-01-01,2022,vietnam-220101.osm.pbf,Hiệp Bình Phước,road_km,268.145
2022-01-01,2022,vietnam-220101.osm.pbf,Thủ Thiêm,road_km,69.238
2022-01-01,2022,vietnam-220101.osm.pbf,An Lợi Đông,road_km,73.344
2022-01-01,2022,vietnam-220101.osm.pbf,Long Trường,road_km,183.462
2022-01-01,2022,vietnam-220101.osm.pbf,Bình Trưng Tây,road_km,72.076
2023-01-01,2023,vietnam-230101.osm.pbf,Hiệp Phú,food_outlet,20.0
2023-01-01,2023,vietnam-230101.osm.pbf,Linh Đông,food_outlet,12.0
2023-01-01,2023,vietnam-230101.osm.pbf,An Khánh,food_outlet,20.0
2023-01-01,2023,vietnam-230101.osm.pbf,An Phú,food_outlet,46.0
2023-01-01,2023,vietnam-230101.osm.pbf,Trường Thọ,food_outlet,10.0
2023-01-01,2023,vietnam-230101.osm.pbf,Bình Thọ,food_outlet,66.0
2023-01-01,2023,vietnam-230101.osm.pbf,Bình Trưng Đông,education,10.0
2023-01-01,2023,vietnam-230101.osm.pbf,Long Trường,education,10.0
2023-01-01,2023,vietnam-230101.osm.pbf,An Phú,shop,58.0
2023-01-01,2023,vietnam-230101.osm.pbf,Thảo Điền,food_outlet,156.0
2023-01-01,2023,vietnam-230101.osm.pbf,Thảo Điền,shop,86.0
2023-01-01,2023,vietnam-230101.osm.pbf,Trường Thạnh,food_outlet,6.0
2023-01-01,2023,vietnam-230101.osm.pbf,Bình Trưng Tây,shop,14.0
2023-01-01,2023,vietnam-230101.osm.pbf,Phú Hữu,education,4.0
2023-01-01,2023,vietnam-230101.osm.pbf,Tăng Nhơn Phú B,education,8.0
2023-01-01,2023,vietnam-230101.osm.pbf,Tăng Nhơn Phú B,marketplace,2.0
2023-01-01,2023,vietnam-230101.osm.pbf,Tăng Nhơn Phú B,health,4.0
2023-01-01,2023,vietnam-230101.osm.pbf,Tăng Nhơn Phú B,religious_premises,8.0
2023-01-01,2023,vietnam-230101.osm.pbf,An Khánh,marketplace,4.0
2023-01-01,2023,vietnam-230101.osm.pbf,Bình Thọ,education,34.0
2023-01-01,2023,vietnam-230101.osm.pbf,Linh Chiểu,food_outlet,28.0
2023-01-01,2023,vietnam-230101.osm.pbf,Bình Trưng Đông,food_outlet,6.0
2023-01-01,2023,vietnam-230101.osm.pbf,Bình Thọ,shop,76.0
2023-01-01,2023,vietnam-230101.osm.pbf,Linh Chiểu,shop,44.0
2023-01-01,2023,vietnam-230101.osm.pbf,Bình Thọ,health,12.0
2023-01-01,2023,vietnam-230101.osm.pbf,Linh Chiểu,health,6.0
2023-01-01,2023,vietnam-230101.osm.pbf,Linh Trung,education,34.0
2023-01-01,2023,vietnam-230101.osm.pbf,Linh Trung,health,20.0
2023-01-01,2023,vietnam-230101.osm.pbf,Linh Tây,shop,50.0
2023-01-01,2023,vietnam-230101.osm.pbf,Hiệp Phú,health,6.0
2023-01-01,2023,vietnam-230101.osm.pbf,Bình Thọ,religious_premises,12.0
2023-01-01,2023,vietnam-230101.osm.pbf,Hiệp Phú,shop,40.0
2023-01-01,2023,vietnam-230101.osm.pbf,Linh Trung,food_outlet,28.0
2023-01-01,2023,vietnam-230101.osm.pbf,Linh Xuân,religious_premises,16.0
2023-01-01,2023,vietnam-230101.osm.pbf,Bình Trưng Đông,religious_premises,6.0
2023-01-01,2023,vietnam-230101.osm.pbf,Bình Trưng Đông,shop,4.0
2023-01-01,2023,vietnam-230101.osm.pbf,Bình Trưng Đông,public_space,4.0
2023-01-01,2023,vietnam-230101.osm.pbf,Linh Trung,shop,36.0
2023-01-01,2023,vietnam-230101.osm.pbf,Linh Chiểu,public_space,56.0
2023-01-01,2023,vietnam-230101.osm.pbf,Hiệp Phú,education,28.0
2023-01-01,2023,vietnam-230101.osm.pbf,Thảo Điền,education,26.0
2023-01-01,2023,vietnam-230101.osm.pbf,Linh Đông,education,10.0
2023-01-01,2023,vietnam-230101.osm.pbf,Tăng Nhơn Phú A,religious_premises,4.0
2023-01-01,2023,vietnam-230101.osm.pbf,Bình Trưng Tây,food_outlet,2.0
2023-01-01,2023,vietnam-230101.osm.pbf,Phú Hữu,food_outlet,4.0
2023-01-01,2023,vietnam-230101.osm.pbf,Hiệp Bình Chánh,food_outlet,178.0
2023-01-01,2023,vietnam-230101.osm.pbf,Tăng Nhơn Phú B,food_outlet,12.0
2023-01-01,2023,vietnam-230101.osm.pbf,Tăng Nhơn Phú B,shop,16.0
2023-01-01,2023,vietnam-230101.osm.pbf,Tăng Nhơn Phú A,shop,12.0
2023-01-01,2023,vietnam-230101.osm.pbf,Long Bình,education,8.0
2023-01-01,2023,vietnam-230101.osm.pbf,Hiệp Phú,religious_premises,2.0
2023-01-01,2023,vietnam-230101.osm.pbf,Hiệp Bình Phước,public_space,16.0
2023-01-01,2023,vietnam-230101.osm.pbf,Hiệp Bình Phước,shop,22.0
2023-01-01,2023,vietnam-230101.osm.pbf,Hiệp Bình Phước,marketplace,2.0
2023-01-01,2023,vietnam-230101.osm.pbf,Phước Long B,shop,24.0
2023-01-01,2023,vietnam-230101.osm.pbf,Long Trường,marketplace,2.0
2023-01-01,2023,vietnam-230101.osm.pbf,An Lợi Đông,public_space,18.0
2023-01-01,2023,vietnam-230101.osm.pbf,Long Phước,religious_premises,4.0
2023-01-01,2023,vietnam-230101.osm.pbf,Long Thạnh Mỹ,shop,6.0
2023-01-01,2023,vietnam-230101.osm.pbf,Trường Thạnh,shop,4.0
2023-01-01,2023,vietnam-230101.osm.pbf,Tam Phú,religious_premises,2.0
2023-01-01,2023,vietnam-230101.osm.pbf,Linh Tây,food_outlet,8.0
2023-01-01,2023,vietnam-230101.osm.pbf,An Phú,religious_premises,16.0
2023-01-01,2023,vietnam-230101.osm.pbf,Thạnh Mỹ Lợi,public_space,22.0
2023-01-01,2023,vietnam-230101.osm.pbf,An Phú,education,26.0
2023-01-01,2023,vietnam-230101.osm.pbf,Trường Thọ,shop,12.0
2023-01-01,2023,vietnam-230101.osm.pbf,Tam Phú,food_outlet,2.0
2023-01-01,2023,vietnam-230101.osm.pbf,Tam Phú,shop,10.0
2023-01-01,2023,vietnam-230101.osm.pbf,Bình Chiểu,shop,12.0
2023-01-01,2023,vietnam-230101.osm.pbf,Linh Xuân,shop,16.0
2023-01-01,2023,vietnam-230101.osm.pbf,Phước Long B,food_outlet,12.0
2023-01-01,2023,vietnam-230101.osm.pbf,An Khánh,shop,8.0
2023-01-01,2023,vietnam-230101.osm.pbf,Linh Đông,shop,16.0
2023-01-01,2023,vietnam-230101.osm.pbf,Hiệp Bình Chánh,education,10.0
2023-01-01,2023,vietnam-230101.osm.pbf,Cát Lái,education,4.0
2023-01-01,2023,vietnam-230101.osm.pbf,Hiệp Bình Chánh,shop,114.0
2023-01-01,2023,vietnam-230101.osm.pbf,Cát Lái,shop,8.0
2023-01-01,2023,vietnam-230101.osm.pbf,Linh Xuân,food_outlet,2.0
2023-01-01,2023,vietnam-230101.osm.pbf,Phước Long A,shop,10.0
2023-01-01,2023,vietnam-230101.osm.pbf,Bình Trưng Tây,health,6.0
2023-01-01,2023,vietnam-230101.osm.pbf,Linh Trung,religious_premises,10.0
2023-01-01,2023,vietnam-230101.osm.pbf,Tam Bình,religious_premises,6.0
2023-01-01,2023,vietnam-230101.osm.pbf,Bình Chiểu,marketplace,4.0
2023-01-01,2023,vietnam-230101.osm.pbf,Linh Tây,health,6.0
2023-01-01,2023,vietnam-230101.osm.pbf,Thạnh Mỹ Lợi,shop,12.0
2023-01-01,2023,vietnam-230101.osm.pbf,Phước Long A,health,2.0
2023-01-01,2023,vietnam-230101.osm.pbf,Tân Phú,food_outlet,4.0
2023-01-01,2023,vietnam-230101.osm.pbf,Bình Chiểu,religious_premises,20.0
2023-01-01,2023,vietnam-230101.osm.pbf,Linh Xuân,education,20.0
2023-01-01,2023,vietnam-230101.osm.pbf,Linh Đông,religious_premises,6.0
2023-01-01,2023,vietnam-230101.osm.pbf,Tăng Nhơn Phú A,food_outlet,10.0
2023-01-01,2023,vietnam-230101.osm.pbf,Tăng Nhơn Phú A,education,20.0
2023-01-01,2023,vietnam-230101.osm.pbf,Linh Chiểu,education,28.0
2023-01-01,2023,vietnam-230101.osm.pbf,Hiệp Bình Chánh,religious_premises,4.0
2023-01-01,2023,vietnam-230101.osm.pbf,Tam Bình,health,4.0
2023-01-01,2023,vietnam-230101.osm.pbf,Tam Bình,shop,6.0
2023-01-01,2023,vietnam-230101.osm.pbf,Cát Lái,food_outlet,6.0
2023-01-01,2023,vietnam-230101.osm.pbf,Hiệp Bình Phước,food_outlet,8.0
2023-01-01,2023,vietnam-230101.osm.pbf,Tân Phú,religious_premises,14.0
2023-01-01,2023,vietnam-230101.osm.pbf,Long Thạnh Mỹ,education,22.0
2023-01-01,2023,vietnam-230101.osm.pbf,Thạnh Mỹ Lợi,marketplace,4.0
2023-01-01,2023,vietnam-230101.osm.pbf,Thảo Điền,health,6.0
2023-01-01,2023,vietnam-230101.osm.pbf,Hiệp Bình Chánh,health,12.0
2023-01-01,2023,vietnam-230101.osm.pbf,Hiệp Bình Phước,health,16.0
2023-01-01,2023,vietnam-230101.osm.pbf,Long Phước,food_outlet,2.0
2023-01-01,2023,vietnam-230101.osm.pbf,An Lợi Đông,shop,16.0
2023-01-01,2023,vietnam-230101.osm.pbf,Phước Bình,health,4.0
2023-01-01,2023,vietnam-230101.osm.pbf,Phước Long A,religious_premises,10.0
2023-01-01,2023,vietnam-230101.osm.pbf,An Lợi Đông,food_outlet,4.0
2023-01-01,2023,vietnam-230101.osm.pbf,Linh Chiểu,religious_premises,8.0
2023-01-01,2023,vietnam-230101.osm.pbf,Phú Hữu,shop,2.0
2023-01-01,2023,vietnam-230101.osm.pbf,Hiệp Bình Chánh,public_space,16.0
2023-01-01,2023,vietnam-230101.osm.pbf,Phước Bình,shop,2.0
2023-01-01,2023,vietnam-230101.osm.pbf,An Khánh,religious_premises,6.0
2023-01-01,2023,vietnam-230101.osm.pbf,Bình Trưng Tây,marketplace,4.0
2023-01-01,2023,vietnam-230101.osm.pbf,Thảo Điền,religious_premises,4.0
2023-01-01,2023,vietnam-230101.osm.pbf,Tam Phú,health,4.0
2023-01-01,2023,vietnam-230101.osm.pbf,Tam Phú,education,12.0
2023-01-01,2023,vietnam-230101.osm.pbf,Thạnh Mỹ Lợi,food_outlet,16.0
2023-01-01,2023,vietnam-230101.osm.pbf,Thạnh Mỹ Lợi,health,4.0
2023-01-01,2023,vietnam-230101.osm.pbf,Phước Bình,religious_premises,6.0
2023-01-01,2023,vietnam-230101.osm.pbf,Hiệp Bình Chánh,marketplace,4.0
2023-01-01,2023,vietnam-230101.osm.pbf,Phước Long B,marketplace,2.0
2023-01-01,2023,vietnam-230101.osm.pbf,Linh Xuân,marketplace,2.0
2023-01-01,2023,vietnam-230101.osm.pbf,Linh Tây,education,14.0
2023-01-01,2023,vietnam-230101.osm.pbf,Phước Long A,education,10.0
2023-01-01,2023,vietnam-230101.osm.pbf,Phước Long B,education,12.0
2023-01-01,2023,vietnam-230101.osm.pbf,Phú Hữu,marketplace,2.0
2023-01-01,2023,vietnam-230101.osm.pbf,Tam Bình,food_outlet,2.0
2023-01-01,2023,vietnam-230101.osm.pbf,Bình Trưng Tây,religious_premises,8.0
2023-01-01,2023,vietnam-230101.osm.pbf,An Lợi Đông,education,2.0
2023-01-01,2023,vietnam-230101.osm.pbf,Bình Trưng Tây,education,4.0
2023-01-01,2023,vietnam-230101.osm.pbf,Long Bình,religious_premises,18.0
2023-01-01,2023,vietnam-230101.osm.pbf,Phú Hữu,religious_premises,4.0
2023-01-01,2023,vietnam-230101.osm.pbf,Cát Lái,religious_premises,8.0
2023-01-01,2023,vietnam-230101.osm.pbf,Long Thạnh Mỹ,religious_premises,16.0
2023-01-01,2023,vietnam-230101.osm.pbf,Long Trường,religious_premises,4.0
2023-01-01,2023,vietnam-230101.osm.pbf,Thủ Thiêm,public_space,6.0
2023-01-01,2023,vietnam-230101.osm.pbf,An Phú,public_space,50.0
2023-01-01,2023,vietnam-230101.osm.pbf,Cát Lái,public_space,8.0
2023-01-01,2023,vietnam-230101.osm.pbf,Linh Trung,public_space,72.0
2023-01-01,2023,vietnam-230101.osm.pbf,Linh Tây,public_space,12.0
2023-01-01,2023,vietnam-230101.osm.pbf,Linh Tây,marketplace,4.0
2023-01-01,2023,vietnam-230101.osm.pbf,Long Bình,public_space,52.0
2023-01-01,2023,vietnam-230101.osm.pbf,Tân Phú,education,10.0
2023-01-01,2023,vietnam-230101.osm.pbf,Tân Phú,marketplace,2.0
2023-01-01,2023,vietnam-230101.osm.pbf,Tân Phú,public_space,10.0
2023-01-01,2023,vietnam-230101.osm.pbf,Tam Bình,marketplace,4.0
2023-01-01,2023,vietnam-230101.osm.pbf,Bình Thọ,public_space,10.0
2023-01-01,2023,vietnam-230101.osm.pbf,Trường Thọ,marketplace,2.0
2023-01-01,2023,vietnam-230101.osm.pbf,Thủ Thiêm,religious_premises,6.0
2023-01-01,2023,vietnam-230101.osm.pbf,Thảo Điền,public_space,32.0
2023-01-01,2023,vietnam-230101.osm.pbf,Hiệp Bình Phước,education,16.0
2023-01-01,2023,vietnam-230101.osm.pbf,Phước Long A,public_space,2.0
2023-01-01,2023,vietnam-230101.osm.pbf,Tăng Nhơn Phú B,public_space,10.0
2023-01-01,2023,vietnam-230101.osm.pbf,Tăng Nhơn Phú A,public_space,22.0
2023-01-01,2023,vietnam-230101.osm.pbf,Phước Long B,public_space,6.0
2023-01-01,2023,vietnam-230101.osm.pbf,Hiệp Phú,public_space,18.0
2023-01-01,2023,vietnam-230101.osm.pbf,Phước Bình,marketplace,2.0
2023-01-01,2023,vietnam-230101.osm.pbf,Phước Bình,education,16.0
2023-01-01,2023,vietnam-230101.osm.pbf,Linh Đông,public_space,4.0
2023-01-01,2023,vietnam-230101.osm.pbf,Tam Bình,public_space,6.0
2023-01-01,2023,vietnam-230101.osm.pbf,Bình Thọ,marketplace,2.0
2023-01-01,2023,vietnam-230101.osm.pbf,Trường Thọ,religious_premises,2.0
2023-01-01,2023,vietnam-230101.osm.pbf,Trường Thọ,public_space,2.0
2023-01-01,2023,vietnam-230101.osm.pbf,Thảo Điền,marketplace,4.0
2023-01-01,2023,vietnam-230101.osm.pbf,Thạnh Mỹ Lợi,religious_premises,2.0
2023-01-01,2023,vietnam-230101.osm.pbf,Thạnh Mỹ Lợi,education,6.0
2023-01-01,2023,vietnam-230101.osm.pbf,Trường Thọ,education,8.0
2023-01-01,2023,vietnam-230101.osm.pbf,Linh Trung,marketplace,2.0
2023-01-01,2023,vietnam-230101.osm.pbf,Bình Chiểu,public_space,2.0
2023-01-01,2023,vietnam-230101.osm.pbf,Bình Chiểu,education,12.0
2023-01-01,2023,vietnam-230101.osm.pbf,Linh Xuân,public_space,10.0
2023-01-01,2023,vietnam-230101.osm.pbf,Hiệp Bình Phước,religious_premises,2.0
2023-01-01,2023,vietnam-230101.osm.pbf,Bình Trưng Tây,public_space,6.0
2023-01-01,2023,vietnam-230101.osm.pbf,An Khánh,education,6.0
2023-01-01,2023,vietnam-230101.osm.pbf,An Khánh,public_space,6.0
2023-01-01,2023,vietnam-230101.osm.pbf,Tăng Nhơn Phú A,health,2.0
2023-01-01,2023,vietnam-230101.osm.pbf,Tăng Nhơn Phú A,marketplace,2.0
2023-01-01,2023,vietnam-230101.osm.pbf,Tân Phú,health,2.0
2023-01-01,2023,vietnam-230101.osm.pbf,Thủ Thiêm,shop,2.0
2023-01-01,2023,vietnam-230101.osm.pbf,Cát Lái,marketplace,2.0
2023-01-01,2023,vietnam-230101.osm.pbf,Long Bình,shop,2.0
2023-01-01,2023,vietnam-230101.osm.pbf,Long Thạnh Mỹ,public_space,8.0
2023-01-01,2023,vietnam-230101.osm.pbf,Trường Thạnh,public_space,6.0
2023-01-01,2023,vietnam-230101.osm.pbf,Phú Hữu,public_space,4.0
2023-01-01,2023,vietnam-230101.osm.pbf,Tam Bình,education,4.0
2023-01-01,2023,vietnam-230101.osm.pbf,Linh Xuân,health,2.0
2023-01-01,2023,vietnam-230101.osm.pbf,Tam Phú,public_space,4.0
2023-01-01,2023,vietnam-230101.osm.pbf,An Phú,health,2.0
2023-01-01,2023,vietnam-230101.osm.pbf,Linh Trung,road_km,310.357
2023-01-01,2023,vietnam-230101.osm.pbf,Bình Trưng Đông,road_km,106.697
2023-01-01,2023,vietnam-230101.osm.pbf,Phước Bình,road_km,38.026
2023-01-01,2023,vietnam-230101.osm.pbf,Hiệp Phú,road_km,97.53
2023-01-01,2023,vietnam-230101.osm.pbf,Long Phước,road_km,228.157
2023-01-01,2023,vietnam-230101.osm.pbf,Bình Thọ,road_km,52.924
2023-01-01,2023,vietnam-230101.osm.pbf,Linh Xuân,road_km,164.274
2023-01-01,2023,vietnam-230101.osm.pbf,Cát Lái,road_km,220.147
2023-01-01,2023,vietnam-230101.osm.pbf,An Khánh,road_km,119.226
2023-01-01,2023,vietnam-230101.osm.pbf,Tăng Nhơn Phú A,road_km,145.998
2023-01-01,2023,vietnam-230101.osm.pbf,Linh Chiểu,road_km,62.087
2023-01-01,2023,vietnam-230101.osm.pbf,Long Bình,road_km,341.163
2023-01-01,2023,vietnam-230101.osm.pbf,An Phú,road_km,288.539
2023-01-01,2023,vietnam-230101.osm.pbf,Thảo Điền,road_km,125.301
2023-01-01,2023,vietnam-230101.osm.pbf,Linh Tây,road_km,57.702
2023-01-01,2023,vietnam-230101.osm.pbf,Trường Thạnh,road_km,220.68
2023-01-01,2023,vietnam-230101.osm.pbf,Long Thạnh Mỹ,road_km,290.662
2023-01-01,2023,vietnam-230101.osm.pbf,Tân Phú,road_km,168.047
2023-01-01,2023,vietnam-230101.osm.pbf,Linh Đông,road_km,117.961
2023-01-01,2023,vietnam-230101.osm.pbf,Tăng Nhơn Phú B,road_km,169.527
2023-01-01,2023,vietnam-230101.osm.pbf,Hiệp Bình Chánh,road_km,282.485
2023-01-01,2023,vietnam-230101.osm.pbf,Tam Phú,road_km,96.132
2023-01-01,2023,vietnam-230101.osm.pbf,Bình Chiểu,road_km,195.196
2023-01-01,2023,vietnam-230101.osm.pbf,Phước Long B,road_km,235.851
2023-01-01,2023,vietnam-230101.osm.pbf,Phước Long A,road_km,105.069
2023-01-01,2023,vietnam-230101.osm.pbf,Tam Bình,road_km,100.472
2023-01-01,2023,vietnam-230101.osm.pbf,Phú Hữu,road_km,337.525
2023-01-01,2023,vietnam-230101.osm.pbf,Trường Thọ,road_km,169.899
2023-01-01,2023,vietnam-230101.osm.pbf,Thạnh Mỹ Lợi,road_km,268.753
2023-01-01,2023,vietnam-230101.osm.pbf,Hiệp Bình Phước,road_km,288.572
2023-01-01,2023,vietnam-230101.osm.pbf,An Lợi Đông,road_km,72.968
2023-01-01,2023,vietnam-230101.osm.pbf,Thủ Thiêm,road_km,72.754
2023-01-01,2023,vietnam-230101.osm.pbf,Long Trường,road_km,183.332
2023-01-01,2023,vietnam-230101.osm.pbf,Bình Trưng Tây,road_km,76.213
2024-01-01,2024,vietnam-240101.osm.pbf,Hiệp Phú,food_outlet,22.0
2024-01-01,2024,vietnam-240101.osm.pbf,Linh Đông,food_outlet,12.0
2024-01-01,2024,vietnam-240101.osm.pbf,An Khánh,food_outlet,22.0
2024-01-01,2024,vietnam-240101.osm.pbf,An Phú,food_outlet,54.0
2024-01-01,2024,vietnam-240101.osm.pbf,Trường Thọ,food_outlet,12.0
2024-01-01,2024,vietnam-240101.osm.pbf,Bình Thọ,food_outlet,68.0
2024-01-01,2024,vietnam-240101.osm.pbf,Bình Trưng Đông,education,14.0
2024-01-01,2024,vietnam-240101.osm.pbf,Long Trường,education,8.0
2024-01-01,2024,vietnam-240101.osm.pbf,An Phú,shop,78.0
2024-01-01,2024,vietnam-240101.osm.pbf,Thảo Điền,food_outlet,168.0
2024-01-01,2024,vietnam-240101.osm.pbf,Thảo Điền,shop,106.0
2024-01-01,2024,vietnam-240101.osm.pbf,Trường Thạnh,food_outlet,6.0
2024-01-01,2024,vietnam-240101.osm.pbf,Bình Trưng Tây,shop,26.0
2024-01-01,2024,vietnam-240101.osm.pbf,Phú Hữu,education,4.0
2024-01-01,2024,vietnam-240101.osm.pbf,Tăng Nhơn Phú B,education,8.0
2024-01-01,2024,vietnam-240101.osm.pbf,Tăng Nhơn Phú B,marketplace,2.0
2024-01-01,2024,vietnam-240101.osm.pbf,Tăng Nhơn Phú B,health,4.0
2024-01-01,2024,vietnam-240101.osm.pbf,Tăng Nhơn Phú B,religious_premises,8.0
2024-01-01,2024,vietnam-240101.osm.pbf,An Khánh,marketplace,8.0
2024-01-01,2024,vietnam-240101.osm.pbf,Bình Thọ,education,34.0
2024-01-01,2024,vietnam-240101.osm.pbf,Linh Chiểu,food_outlet,28.0
2024-01-01,2024,vietnam-240101.osm.pbf,Bình Trưng Đông,food_outlet,6.0
2024-01-01,2024,vietnam-240101.osm.pbf,Bình Thọ,shop,78.0
2024-01-01,2024,vietnam-240101.osm.pbf,Linh Chiểu,shop,46.0
2024-01-01,2024,vietnam-240101.osm.pbf,Bình Thọ,health,12.0
2024-01-01,2024,vietnam-240101.osm.pbf,Linh Chiểu,health,6.0
2024-01-01,2024,vietnam-240101.osm.pbf,Linh Trung,education,32.0
2024-01-01,2024,vietnam-240101.osm.pbf,Linh Trung,health,20.0
2024-01-01,2024,vietnam-240101.osm.pbf,Linh Tây,shop,56.0
2024-01-01,2024,vietnam-240101.osm.pbf,Hiệp Phú,health,6.0
2024-01-01,2024,vietnam-240101.osm.pbf,Bình Thọ,religious_premises,22.0
2024-01-01,2024,vietnam-240101.osm.pbf,Hiệp Phú,shop,60.0
2024-01-01,2024,vietnam-240101.osm.pbf,Linh Trung,food_outlet,30.0
2024-01-01,2024,vietnam-240101.osm.pbf,Linh Xuân,religious_premises,16.0
2024-01-01,2024,vietnam-240101.osm.pbf,Bình Trưng Đông,religious_premises,6.0
2024-01-01,2024,vietnam-240101.osm.pbf,Bình Trưng Đông,shop,22.0
2024-01-01,2024,vietnam-240101.osm.pbf,Bình Trưng Đông,public_space,18.0
2024-01-01,2024,vietnam-240101.osm.pbf,Linh Trung,shop,38.0
2024-01-01,2024,vietnam-240101.osm.pbf,Linh Chiểu,public_space,56.0
2024-01-01,2024,vietnam-240101.osm.pbf,Hiệp Phú,education,30.0
2024-01-01,2024,vietnam-240101.osm.pbf,Thảo Điền,education,28.0
2024-01-01,2024,vietnam-240101.osm.pbf,Linh Đông,education,10.0
2024-01-01,2024,vietnam-240101.osm.pbf,Tăng Nhơn Phú A,religious_premises,4.0
2024-01-01,2024,vietnam-240101.osm.pbf,Bình Trưng Tây,food_outlet,4.0
2024-01-01,2024,vietnam-240101.osm.pbf,Phú Hữu,food_outlet,4.0
2024-01-01,2024,vietnam-240101.osm.pbf,Hiệp Bình Chánh,food_outlet,184.0
2024-01-01,2024,vietnam-240101.osm.pbf,Tăng Nhơn Phú B,food_outlet,12.0
2024-01-01,2024,vietnam-240101.osm.pbf,Tăng Nhơn Phú B,shop,44.0
2024-01-01,2024,vietnam-240101.osm.pbf,Tăng Nhơn Phú A,shop,34.0
2024-01-01,2024,vietnam-240101.osm.pbf,Hiệp Phú,religious_premises,2.0
2024-01-01,2024,vietnam-240101.osm.pbf,Hiệp Bình Phước,public_space,32.0
2024-01-01,2024,vietnam-240101.osm.pbf,Hiệp Bình Phước,shop,24.0
2024-01-01,2024,vietnam-240101.osm.pbf,Hiệp Bình Phước,marketplace,2.0
2024-01-01,2024,vietnam-240101.osm.pbf,Phước Long B,shop,60.0
2024-01-01,2024,vietnam-240101.osm.pbf,Long Trường,marketplace,2.0
2024-01-01,2024,vietnam-240101.osm.pbf,An Lợi Đông,public_space,18.0
2024-01-01,2024,vietnam-240101.osm.pbf,Long Phước,religious_premises,4.0
2024-01-01,2024,vietnam-240101.osm.pbf,Long Thạnh Mỹ,shop,18.0
2024-01-01,2024,vietnam-240101.osm.pbf,Trường Thạnh,shop,20.0
2024-01-01,2024,vietnam-240101.osm.pbf,Tam Phú,religious_premises,4.0
2024-01-01,2024,vietnam-240101.osm.pbf,Linh Tây,food_outlet,8.0
2024-01-01,2024,vietnam-240101.osm.pbf,An Phú,religious_premises,20.0
2024-01-01,2024,vietnam-240101.osm.pbf,Thạnh Mỹ Lợi,public_space,30.0
2024-01-01,2024,vietnam-240101.osm.pbf,An Phú,education,30.0
2024-01-01,2024,vietnam-240101.osm.pbf,Trường Thọ,shop,12.0
2024-01-01,2024,vietnam-240101.osm.pbf,Tam Phú,food_outlet,2.0
2024-01-01,2024,vietnam-240101.osm.pbf,Tam Phú,shop,12.0
2024-01-01,2024,vietnam-240101.osm.pbf,Bình Chiểu,shop,16.0
2024-01-01,2024,vietnam-240101.osm.pbf,Linh Xuân,shop,18.0
2024-01-01,2024,vietnam-240101.osm.pbf,Phước Long B,food_outlet,12.0
2024-01-01,2024,vietnam-240101.osm.pbf,An Khánh,shop,38.0
2024-01-01,2024,vietnam-240101.osm.pbf,Linh Đông,shop,16.0
2024-01-01,2024,vietnam-240101.osm.pbf,Cát Lái,education,4.0
2024-01-01,2024,vietnam-240101.osm.pbf,Hiệp Bình Chánh,shop,118.0
2024-01-01,2024,vietnam-240101.osm.pbf,Cát Lái,shop,24.0
2024-01-01,2024,vietnam-240101.osm.pbf,Linh Xuân,food_outlet,2.0
2024-01-01,2024,vietnam-240101.osm.pbf,Phước Long A,shop,22.0
2024-01-01,2024,vietnam-240101.osm.pbf,Bình Trưng Tây,health,6.0
2024-01-01,2024,vietnam-240101.osm.pbf,Linh Trung,religious_premises,10.0
2024-01-01,2024,vietnam-240101.osm.pbf,Tam Bình,religious_premises,8.0
2024-01-01,2024,vietnam-240101.osm.pbf,Bình Chiểu,marketplace,4.0
2024-01-01,2024,vietnam-240101.osm.pbf,Linh Tây,health,6.0
2024-01-01,2024,vietnam-240101.osm.pbf,Thạnh Mỹ Lợi,shop,38.0
2024-01-01,2024,vietnam-240101.osm.pbf,Phước Long A,health,2.0
2024-01-01,2024,vietnam-240101.osm.pbf,Tân Phú,food_outlet,4.0
2024-01-01,2024,vietnam-240101.osm.pbf,Bình Chiểu,religious_premises,20.0
2024-01-01,2024,vietnam-240101.osm.pbf,Tân Phú,shop,48.0
2024-01-01,2024,vietnam-240101.osm.pbf,Linh Xuân,education,20.0
2024-01-01,2024,vietnam-240101.osm.pbf,Linh Đông,religious_premises,16.0
2024-01-01,2024,vietnam-240101.osm.pbf,Tăng Nhơn Phú A,food_outlet,10.0
2024-01-01,2024,vietnam-240101.osm.pbf,Tăng Nhơn Phú A,education,22.0
2024-01-01,2024,vietnam-240101.osm.pbf,Linh Chiểu,education,28.0
2024-01-01,2024,vietnam-240101.osm.pbf,Hiệp Bình Chánh,religious_premises,16.0
2024-01-01,2024,vietnam-240101.osm.pbf,Tam Bình,health,4.0
2024-01-01,2024,vietnam-240101.osm.pbf,Tam Bình,shop,6.0
2024-01-01,2024,vietnam-240101.osm.pbf,Cát Lái,food_outlet,6.0
2024-01-01,2024,vietnam-240101.osm.pbf,Hiệp Bình Phước,food_outlet,12.0
2024-01-01,2024,vietnam-240101.osm.pbf,Tân Phú,religious_premises,14.0
2024-01-01,2024,vietnam-240101.osm.pbf,Thạnh Mỹ Lợi,marketplace,6.0
2024-01-01,2024,vietnam-240101.osm.pbf,Thảo Điền,health,10.0
2024-01-01,2024,vietnam-240101.osm.pbf,Hiệp Bình Chánh,health,12.0
2024-01-01,2024,vietnam-240101.osm.pbf,Hiệp Bình Phước,health,16.0
2024-01-01,2024,vietnam-240101.osm.pbf,Long Thạnh Mỹ,education,20.0
2024-01-01,2024,vietnam-240101.osm.pbf,Long Phước,food_outlet,2.0
2024-01-01,2024,vietnam-240101.osm.pbf,An Lợi Đông,shop,16.0
2024-01-01,2024,vietnam-240101.osm.pbf,Phước Bình,health,4.0
2024-01-01,2024,vietnam-240101.osm.pbf,Phước Long A,religious_premises,10.0
2024-01-01,2024,vietnam-240101.osm.pbf,An Lợi Đông,food_outlet,8.0
2024-01-01,2024,vietnam-240101.osm.pbf,Phú Hữu,shop,18.0
2024-01-01,2024,vietnam-240101.osm.pbf,Hiệp Bình Chánh,public_space,24.0
2024-01-01,2024,vietnam-240101.osm.pbf,Phước Bình,shop,10.0
2024-01-01,2024,vietnam-240101.osm.pbf,An Khánh,religious_premises,6.0
2024-01-01,2024,vietnam-240101.osm.pbf,Thảo Điền,religious_premises,4.0
2024-01-01,2024,vietnam-240101.osm.pbf,Tam Phú,health,4.0
2024-01-01,2024,vietnam-240101.osm.pbf,Cát Lái,religious_premises,10.0
2024-01-01,2024,vietnam-240101.osm.pbf,Thạnh Mỹ Lợi,food_outlet,16.0
2024-01-01,2024,vietnam-240101.osm.pbf,Thạnh Mỹ Lợi,health,4.0
2024-01-01,2024,vietnam-240101.osm.pbf,Phước Bình,religious_premises,6.0
2024-01-01,2024,vietnam-240101.osm.pbf,Hiệp Bình Chánh,marketplace,4.0
2024-01-01,2024,vietnam-240101.osm.pbf,Phước Long B,marketplace,2.0
2024-01-01,2024,vietnam-240101.osm.pbf,Linh Chiểu,religious_premises,6.0
2024-01-01,2024,vietnam-240101.osm.pbf,Linh Xuân,marketplace,2.0
2024-01-01,2024,vietnam-240101.osm.pbf,Linh Tây,education,14.0
2024-01-01,2024,vietnam-240101.osm.pbf,Phước Long A,education,12.0
2024-01-01,2024,vietnam-240101.osm.pbf,Phú Hữu,marketplace,2.0
2024-01-01,2024,vietnam-240101.osm.pbf,Tam Bình,food_outlet,2.0
2024-01-01,2024,vietnam-240101.osm.pbf,Bình Trưng Tây,religious_premises,10.0
2024-01-01,2024,vietnam-240101.osm.pbf,An Lợi Đông,education,2.0
2024-01-01,2024,vietnam-240101.osm.pbf,Long Bình,religious_premises,18.0
2024-01-01,2024,vietnam-240101.osm.pbf,Phú Hữu,religious_premises,4.0
2024-01-01,2024,vietnam-240101.osm.pbf,Long Thạnh Mỹ,religious_premises,16.0
2024-01-01,2024,vietnam-240101.osm.pbf,Long Trường,religious_premises,4.0
2024-01-01,2024,vietnam-240101.osm.pbf,Thủ Thiêm,public_space,16.0
2024-01-01,2024,vietnam-240101.osm.pbf,Long Bình,food_outlet,2.0
2024-01-01,2024,vietnam-240101.osm.pbf,Thủ Thiêm,shop,4.0
2024-01-01,2024,vietnam-240101.osm.pbf,Thủ Thiêm,food_outlet,4.0
2024-01-01,2024,vietnam-240101.osm.pbf,Long Phước,shop,18.0
2024-01-01,2024,vietnam-240101.osm.pbf,Long Bình,shop,12.0
2024-01-01,2024,vietnam-240101.osm.pbf,Phú Hữu,health,2.0
2024-01-01,2024,vietnam-240101.osm.pbf,Long Trường,shop,34.0
2024-01-01,2024,vietnam-240101.osm.pbf,Bình Trưng Đông,health,2.0
2024-01-01,2024,vietnam-240101.osm.pbf,Long Thạnh Mỹ,food_outlet,4.0
2024-01-01,2024,vietnam-240101.osm.pbf,An Phú,health,4.0
2024-01-01,2024,vietnam-240101.osm.pbf,Long Bình,education,18.0
2024-01-01,2024,vietnam-240101.osm.pbf,An Khánh,education,18.0
2024-01-01,2024,vietnam-240101.osm.pbf,Thạnh Mỹ Lợi,education,14.0
2024-01-01,2024,vietnam-240101.osm.pbf,Long Thạnh Mỹ,public_space,82.0
2024-01-01,2024,vietnam-240101.osm.pbf,Long Bình,public_space,96.0
2024-01-01,2024,vietnam-240101.osm.pbf,Long Thạnh Mỹ,health,2.0
2024-01-01,2024,vietnam-240101.osm.pbf,An Phú,public_space,70.0
2024-01-01,2024,vietnam-240101.osm.pbf,Cát Lái,public_space,8.0
2024-01-01,2024,vietnam-240101.osm.pbf,Linh Trung,public_space,90.0
2024-01-01,2024,vietnam-240101.osm.pbf,Linh Tây,public_space,12.0
2024-01-01,2024,vietnam-240101.osm.pbf,Linh Tây,marketplace,4.0
2024-01-01,2024,vietnam-240101.osm.pbf,Tân Phú,education,10.0
2024-01-01,2024,vietnam-240101.osm.pbf,Tân Phú,marketplace,2.0
2024-01-01,2024,vietnam-240101.osm.pbf,Tam Phú,education,10.0
2024-01-01,2024,vietnam-240101.osm.pbf,Tân Phú,public_space,10.0
2024-01-01,2024,vietnam-240101.osm.pbf,Tam Bình,marketplace,4.0
2024-01-01,2024,vietnam-240101.osm.pbf,Trường Thọ,marketplace,2.0
2024-01-01,2024,vietnam-240101.osm.pbf,Thủ Thiêm,religious_premises,8.0
2024-01-01,2024,vietnam-240101.osm.pbf,Bình Thọ,public_space,8.0
2024-01-01,2024,vietnam-240101.osm.pbf,Thảo Điền,public_space,52.0
2024-01-01,2024,vietnam-240101.osm.pbf,Hiệp Bình Phước,education,20.0
2024-01-01,2024,vietnam-240101.osm.pbf,Phước Long A,public_space,6.0
2024-01-01,2024,vietnam-240101.osm.pbf,Tăng Nhơn Phú B,public_space,10.0
2024-01-01,2024,vietnam-240101.osm.pbf,Tăng Nhơn Phú A,public_space,22.0
2024-01-01,2024,vietnam-240101.osm.pbf,Phước Long B,public_space,14.0
2024-01-01,2024,vietnam-240101.osm.pbf,Phước Long B,education,10.0
2024-01-01,2024,vietnam-240101.osm.pbf,Hiệp Phú,public_space,18.0
2024-01-01,2024,vietnam-240101.osm.pbf,Phước Bình,marketplace,2.0
2024-01-01,2024,vietnam-240101.osm.pbf,Phước Bình,education,16.0
2024-01-01,2024,vietnam-240101.osm.pbf,Linh Đông,public_space,4.0
2024-01-01,2024,vietnam-240101.osm.pbf,Tam Bình,public_space,6.0
2024-01-01,2024,vietnam-240101.osm.pbf,Bình Thọ,marketplace,2.0
2024-01-01,2024,vietnam-240101.osm.pbf,Trường Thọ,religious_premises,2.0
2024-01-01,2024,vietnam-240101.osm.pbf,Hiệp Bình Chánh,education,8.0
2024-01-01,2024,vietnam-240101.osm.pbf,Trường Thọ,public_space,8.0
2024-01-01,2024,vietnam-240101.osm.pbf,Thảo Điền,marketplace,4.0
2024-01-01,2024,vietnam-240101.osm.pbf,Thạnh Mỹ Lợi,religious_premises,4.0
2024-01-01,2024,vietnam-240101.osm.pbf,Trường Thọ,education,8.0
2024-01-01,2024,vietnam-240101.osm.pbf,Linh Trung,marketplace,2.0
2024-01-01,2024,vietnam-240101.osm.pbf,Bình Chiểu,public_space,2.0
2024-01-01,2024,vietnam-240101.osm.pbf,Bình Chiểu,education,12.0
2024-01-01,2024,vietnam-240101.osm.pbf,Linh Xuân,public_space,10.0
2024-01-01,2024,vietnam-240101.osm.pbf,Hiệp Bình Phước,religious_premises,2.0
2024-01-01,2024,vietnam-240101.osm.pbf,Bình Trưng Tây,public_space,16.0
2024-01-01,2024,vietnam-240101.osm.pbf,An Khánh,public_space,10.0
2024-01-01,2024,vietnam-240101.osm.pbf,Tăng Nhơn Phú A,health,2.0
2024-01-01,2024,vietnam-240101.osm.pbf,Tăng Nhơn Phú A,marketplace,2.0
2024-01-01,2024,vietnam-240101.osm.pbf,Tân Phú,health,2.0
2024-01-01,2024,vietnam-240101.osm.pbf,Cát Lái,marketplace,2.0
2024-01-01,2024,vietnam-240101.osm.pbf,Trường Thạnh,public_space,6.0
2024-01-01,2024,vietnam-240101.osm.pbf,Phú Hữu,public_space,14.0
2024-01-01,2024,vietnam-240101.osm.pbf,Bình Trưng Tây,education,4.0
2024-01-01,2024,vietnam-240101.osm.pbf,Bình Trưng Tây,marketplace,2.0
2024-01-01,2024,vietnam-240101.osm.pbf,Tam Bình,education,4.0
2024-01-01,2024,vietnam-240101.osm.pbf,Linh Xuân,health,2.0
2024-01-01,2024,vietnam-240101.osm.pbf,Tam Phú,public_space,4.0
2024-01-01,2024,vietnam-240101.osm.pbf,Trường Thạnh,education,2.0
2024-01-01,2024,vietnam-240101.osm.pbf,Long Trường,public_space,8.0
2024-01-01,2024,vietnam-240101.osm.pbf,Long Bình,health,2.0
2024-01-01,2024,vietnam-240101.osm.pbf,Linh Trung,road_km,322.715
2024-01-01,2024,vietnam-240101.osm.pbf,Cát Lái,road_km,224.541
2024-01-01,2024,vietnam-240101.osm.pbf,Phước Bình,road_km,38.991
2024-01-01,2024,vietnam-240101.osm.pbf,Hiệp Phú,road_km,104.8
2024-01-01,2024,vietnam-240101.osm.pbf,Long Phước,road_km,229.307
2024-01-01,2024,vietnam-240101.osm.pbf,Bình Thọ,road_km,52.968
2024-01-01,2024,vietnam-240101.osm.pbf,Linh Xuân,road_km,162.495
2024-01-01,2024,vietnam-240101.osm.pbf,An Khánh,road_km,122.045
2024-01-01,2024,vietnam-240101.osm.pbf,Tăng Nhơn Phú A,road_km,144.0
2024-01-01,2024,vietnam-240101.osm.pbf,Linh Chiểu,road_km,64.412
2024-01-01,2024,vietnam-240101.osm.pbf,Long Bình,road_km,350.415
2024-01-01,2024,vietnam-240101.osm.pbf,An Phú,road_km,315.43
2024-01-01,2024,vietnam-240101.osm.pbf,Thảo Điền,road_km,127.29
2024-01-01,2024,vietnam-240101.osm.pbf,Linh Tây,road_km,60.621
2024-01-01,2024,vietnam-240101.osm.pbf,Trường Thạnh,road_km,227.715
2024-01-01,2024,vietnam-240101.osm.pbf,Bình Trưng Đông,road_km,104.057
2024-01-01,2024,vietnam-240101.osm.pbf,Long Thạnh Mỹ,road_km,287.353
2024-01-01,2024,vietnam-240101.osm.pbf,Tân Phú,road_km,170.342
2024-01-01,2024,vietnam-240101.osm.pbf,Linh Đông,road_km,119.362
2024-01-01,2024,vietnam-240101.osm.pbf,Tăng Nhơn Phú B,road_km,174.375
2024-01-01,2024,vietnam-240101.osm.pbf,Hiệp Bình Chánh,road_km,284.872
2024-01-01,2024,vietnam-240101.osm.pbf,Tam Phú,road_km,99.832
2024-01-01,2024,vietnam-240101.osm.pbf,Bình Chiểu,road_km,210.84
2024-01-01,2024,vietnam-240101.osm.pbf,Phước Long B,road_km,242.001
2024-01-01,2024,vietnam-240101.osm.pbf,Phước Long A,road_km,104.107
2024-01-01,2024,vietnam-240101.osm.pbf,Tam Bình,road_km,85.26
2024-01-01,2024,vietnam-240101.osm.pbf,Phú Hữu,road_km,367.0
2024-01-01,2024,vietnam-240101.osm.pbf,Trường Thọ,road_km,175.834
2024-01-01,2024,vietnam-240101.osm.pbf,Thạnh Mỹ Lợi,road_km,291.9
2024-01-01,2024,vietnam-240101.osm.pbf,Hiệp Bình Phước,road_km,295.969
2024-01-01,2024,vietnam-240101.osm.pbf,An Lợi Đông,road_km,72.91
2024-01-01,2024,vietnam-240101.osm.pbf,Thủ Thiêm,road_km,74.812
2024-01-01,2024,vietnam-240101.osm.pbf,Long Trường,road_km,177.72
2024-01-01,2024,vietnam-240101.osm.pbf,Bình Trưng Tây,road_km,76.614
2025-01-01,2025,vietnam-250101.osm.pbf,Hiệp Phú,food_outlet,22.0
2025-01-01,2025,vietnam-250101.osm.pbf,Linh Đông,food_outlet,12.0
2025-01-01,2025,vietnam-250101.osm.pbf,An Khánh,food_outlet,26.0
2025-01-01,2025,vietnam-250101.osm.pbf,An Phú,food_outlet,100.0
2025-01-01,2025,vietnam-250101.osm.pbf,Trường Thọ,food_outlet,12.0
2025-01-01,2025,vietnam-250101.osm.pbf,Bình Thọ,food_outlet,72.0
2025-01-01,2025,vietnam-250101.osm.pbf,Bình Trưng Đông,education,18.0
2025-01-01,2025,vietnam-250101.osm.pbf,Long Trường,education,8.0
2025-01-01,2025,vietnam-250101.osm.pbf,An Phú,shop,106.0
2025-01-01,2025,vietnam-250101.osm.pbf,Thảo Điền,food_outlet,192.0
2025-01-01,2025,vietnam-250101.osm.pbf,Thảo Điền,shop,110.0
2025-01-01,2025,vietnam-250101.osm.pbf,Trường Thạnh,food_outlet,6.0
2025-01-01,2025,vietnam-250101.osm.pbf,Bình Trưng Tây,shop,52.0
2025-01-01,2025,vietnam-250101.osm.pbf,Phú Hữu,education,4.0
2025-01-01,2025,vietnam-250101.osm.pbf,Tăng Nhơn Phú B,education,8.0
2025-01-01,2025,vietnam-250101.osm.pbf,Tăng Nhơn Phú B,marketplace,2.0
2025-01-01,2025,vietnam-250101.osm.pbf,Tăng Nhơn Phú B,health,4.0
2025-01-01,2025,vietnam-250101.osm.pbf,Tăng Nhơn Phú B,religious_premises,8.0
2025-01-01,2025,vietnam-250101.osm.pbf,An Khánh,marketplace,8.0
2025-01-01,2025,vietnam-250101.osm.pbf,Bình Thọ,education,34.0
2025-01-01,2025,vietnam-250101.osm.pbf,Linh Chiểu,food_outlet,28.0
2025-01-01,2025,vietnam-250101.osm.pbf,Bình Trưng Đông,food_outlet,6.0
2025-01-01,2025,vietnam-250101.osm.pbf,Bình Thọ,shop,78.0
2025-01-01,2025,vietnam-250101.osm.pbf,Linh Chiểu,shop,46.0
2025-01-01,2025,vietnam-250101.osm.pbf,Bình Thọ,health,12.0
2025-01-01,2025,vietnam-250101.osm.pbf,Linh Chiểu,health,6.0
2025-01-01,2025,vietnam-250101.osm.pbf,Linh Trung,education,30.0
2025-01-01,2025,vietnam-250101.osm.pbf,Linh Trung,health,20.0
2025-01-01,2025,vietnam-250101.osm.pbf,Linh Tây,shop,56.0
2025-01-01,2025,vietnam-250101.osm.pbf,Hiệp Phú,health,4.0
2025-01-01,2025,vietnam-250101.osm.pbf,Bình Thọ,religious_premises,22.0
2025-01-01,2025,vietnam-250101.osm.pbf,Hiệp Phú,shop,60.0
2025-01-01,2025,vietnam-250101.osm.pbf,Linh Trung,food_outlet,30.0
2025-01-01,2025,vietnam-250101.osm.pbf,Linh Xuân,religious_premises,16.0
2025-01-01,2025,vietnam-250101.osm.pbf,Bình Trưng Đông,religious_premises,6.0
2025-01-01,2025,vietnam-250101.osm.pbf,Bình Trưng Đông,shop,22.0
2025-01-01,2025,vietnam-250101.osm.pbf,Bình Trưng Đông,public_space,26.0
2025-01-01,2025,vietnam-250101.osm.pbf,Linh Trung,shop,38.0
2025-01-01,2025,vietnam-250101.osm.pbf,Linh Chiểu,public_space,56.0
2025-01-01,2025,vietnam-250101.osm.pbf,Hiệp Phú,education,32.0
2025-01-01,2025,vietnam-250101.osm.pbf,Thảo Điền,education,30.0
2025-01-01,2025,vietnam-250101.osm.pbf,Linh Đông,education,10.0
2025-01-01,2025,vietnam-250101.osm.pbf,Tăng Nhơn Phú A,religious_premises,4.0
2025-01-01,2025,vietnam-250101.osm.pbf,Bình Trưng Tây,food_outlet,44.0
2025-01-01,2025,vietnam-250101.osm.pbf,Phú Hữu,food_outlet,4.0
2025-01-01,2025,vietnam-250101.osm.pbf,Hiệp Bình Chánh,food_outlet,184.0
2025-01-01,2025,vietnam-250101.osm.pbf,Tăng Nhơn Phú B,food_outlet,12.0
2025-01-01,2025,vietnam-250101.osm.pbf,Tăng Nhơn Phú B,shop,44.0
2025-01-01,2025,vietnam-250101.osm.pbf,Tăng Nhơn Phú A,shop,34.0
2025-01-01,2025,vietnam-250101.osm.pbf,Hiệp Phú,religious_premises,2.0
2025-01-01,2025,vietnam-250101.osm.pbf,Hiệp Bình Phước,public_space,32.0
2025-01-01,2025,vietnam-250101.osm.pbf,Hiệp Bình Phước,shop,28.0
2025-01-01,2025,vietnam-250101.osm.pbf,Hiệp Bình Phước,marketplace,2.0
2025-01-01,2025,vietnam-250101.osm.pbf,Phước Long B,shop,60.0
2025-01-01,2025,vietnam-250101.osm.pbf,Long Trường,marketplace,2.0
2025-01-01,2025,vietnam-250101.osm.pbf,An Lợi Đông,public_space,20.0
2025-01-01,2025,vietnam-250101.osm.pbf,Long Phước,religious_premises,4.0
2025-01-01,2025,vietnam-250101.osm.pbf,Long Thạnh Mỹ,shop,72.0
2025-01-01,2025,vietnam-250101.osm.pbf,Trường Thạnh,shop,20.0
2025-01-01,2025,vietnam-250101.osm.pbf,Tam Phú,religious_premises,8.0
2025-01-01,2025,vietnam-250101.osm.pbf,Linh Tây,food_outlet,8.0
2025-01-01,2025,vietnam-250101.osm.pbf,An Phú,religious_premises,20.0
2025-01-01,2025,vietnam-250101.osm.pbf,Thạnh Mỹ Lợi,public_space,30.0
2025-01-01,2025,vietnam-250101.osm.pbf,An Phú,education,30.0
2025-01-01,2025,vietnam-250101.osm.pbf,Trường Thọ,shop,12.0
2025-01-01,2025,vietnam-250101.osm.pbf,Tam Phú,food_outlet,2.0
2025-01-01,2025,vietnam-250101.osm.pbf,Tam Phú,shop,12.0
2025-01-01,2025,vietnam-250101.osm.pbf,Bình Chiểu,shop,16.0
2025-01-01,2025,vietnam-250101.osm.pbf,Linh Xuân,shop,18.0
2025-01-01,2025,vietnam-250101.osm.pbf,Phước Long B,food_outlet,12.0
2025-01-01,2025,vietnam-250101.osm.pbf,An Khánh,shop,40.0
2025-01-01,2025,vietnam-250101.osm.pbf,Linh Đông,shop,18.0
2025-01-01,2025,vietnam-250101.osm.pbf,Cát Lái,education,8.0
2025-01-01,2025,vietnam-250101.osm.pbf,Hiệp Bình Chánh,shop,122.0
2025-01-01,2025,vietnam-250101.osm.pbf,Cát Lái,shop,24.0
2025-01-01,2025,vietnam-250101.osm.pbf,Linh Xuân,food_outlet,6.0
2025-01-01,2025,vietnam-250101.osm.pbf,Phước Long A,shop,20.0
2025-01-01,2025,vietnam-250101.osm.pbf,Bình Trưng Tây,health,8.0
2025-01-01,2025,vietnam-250101.osm.pbf,Linh Trung,religious_premises,10.0
2025-01-01,2025,vietnam-250101.osm.pbf,Tam Bình,religious_premises,8.0
2025-01-01,2025,vietnam-250101.osm.pbf,Bình Chiểu,marketplace,4.0
2025-01-01,2025,vietnam-250101.osm.pbf,Linh Tây,health,6.0
2025-01-01,2025,vietnam-250101.osm.pbf,Thạnh Mỹ Lợi,shop,84.0
2025-01-01,2025,vietnam-250101.osm.pbf,Phước Long A,health,2.0
2025-01-01,2025,vietnam-250101.osm.pbf,Tân Phú,food_outlet,8.0
2025-01-01,2025,vietnam-250101.osm.pbf,Bình Chiểu,religious_premises,20.0
2025-01-01,2025,vietnam-250101.osm.pbf,Tân Phú,shop,48.0
2025-01-01,2025,vietnam-250101.osm.pbf,Linh Xuân,education,20.0
2025-01-01,2025,vietnam-250101.osm.pbf,Linh Đông,religious_premises,20.0
2025-01-01,2025,vietnam-250101.osm.pbf,Tăng Nhơn Phú A,food_outlet,10.0
2025-01-01,2025,vietnam-250101.osm.pbf,Tăng Nhơn Phú A,education,22.0
2025-01-01,2025,vietnam-250101.osm.pbf,Linh Chiểu,education,28.0
2025-01-01,2025,vietnam-250101.osm.pbf,Hiệp Bình Chánh,religious_premises,20.0
2025-01-01,2025,vietnam-250101.osm.pbf,Tam Bình,health,4.0
2025-01-01,2025,vietnam-250101.osm.pbf,Tam Bình,shop,6.0
2025-01-01,2025,vietnam-250101.osm.pbf,Hiệp Bình Phước,food_outlet,14.0
2025-01-01,2025,vietnam-250101.osm.pbf,Tân Phú,religious_premises,14.0
2025-01-01,2025,vietnam-250101.osm.pbf,Thạnh Mỹ Lợi,marketplace,6.0
2025-01-01,2025,vietnam-250101.osm.pbf,Cát Lái,food_outlet,4.0
2025-01-01,2025,vietnam-250101.osm.pbf,Thảo Điền,health,10.0
2025-01-01,2025,vietnam-250101.osm.pbf,Hiệp Bình Chánh,health,12.0
2025-01-01,2025,vietnam-250101.osm.pbf,Hiệp Bình Phước,health,16.0
2025-01-01,2025,vietnam-250101.osm.pbf,Long Thạnh Mỹ,education,28.0
2025-01-01,2025,vietnam-250101.osm.pbf,Long Phước,food_outlet,2.0
2025-01-01,2025,vietnam-250101.osm.pbf,An Lợi Đông,shop,16.0
2025-01-01,2025,vietnam-250101.osm.pbf,Phước Bình,health,4.0
2025-01-01,2025,vietnam-250101.osm.pbf,Phước Long A,religious_premises,10.0
2025-01-01,2025,vietnam-250101.osm.pbf,An Lợi Đông,food_outlet,12.0
2025-01-01,2025,vietnam-250101.osm.pbf,Phú Hữu,shop,18.0
2025-01-01,2025,vietnam-250101.osm.pbf,Hiệp Bình Chánh,public_space,24.0
2025-01-01,2025,vietnam-250101.osm.pbf,Phước Bình,shop,10.0
2025-01-01,2025,vietnam-250101.osm.pbf,An Khánh,religious_premises,6.0
2025-01-01,2025,vietnam-250101.osm.pbf,Thảo Điền,religious_premises,4.0
2025-01-01,2025,vietnam-250101.osm.pbf,Tam Phú,health,4.0
2025-01-01,2025,vietnam-250101.osm.pbf,Cát Lái,religious_premises,16.0
2025-01-01,2025,vietnam-250101.osm.pbf,Thạnh Mỹ Lợi,food_outlet,102.0
2025-01-01,2025,vietnam-250101.osm.pbf,Thạnh Mỹ Lợi,health,10.0
2025-01-01,2025,vietnam-250101.osm.pbf,Phước Bình,religious_premises,6.0
2025-01-01,2025,vietnam-250101.osm.pbf,Hiệp Bình Chánh,marketplace,4.0
2025-01-01,2025,vietnam-250101.osm.pbf,Phước Long B,marketplace,2.0
2025-01-01,2025,vietnam-250101.osm.pbf,Linh Chiểu,religious_premises,6.0
2025-01-01,2025,vietnam-250101.osm.pbf,Linh Xuân,marketplace,2.0
2025-01-01,2025,vietnam-250101.osm.pbf,Linh Tây,education,14.0
2025-01-01,2025,vietnam-250101.osm.pbf,Phước Long A,education,12.0
2025-01-01,2025,vietnam-250101.osm.pbf,Phú Hữu,marketplace,2.0
2025-01-01,2025,vietnam-250101.osm.pbf,Tam Bình,food_outlet,2.0
2025-01-01,2025,vietnam-250101.osm.pbf,Bình Trưng Tây,religious_premises,16.0
2025-01-01,2025,vietnam-250101.osm.pbf,Phú Hữu,religious_premises,8.0
2025-01-01,2025,vietnam-250101.osm.pbf,Long Thạnh Mỹ,religious_premises,18.0
2025-01-01,2025,vietnam-250101.osm.pbf,Long Bình,religious_premises,18.0
2025-01-01,2025,vietnam-250101.osm.pbf,Long Trường,religious_premises,4.0
2025-01-01,2025,vietnam-250101.osm.pbf,Thủ Thiêm,public_space,18.0
2025-01-01,2025,vietnam-250101.osm.pbf,Long Bình,food_outlet,4.0
2025-01-01,2025,vietnam-250101.osm.pbf,Thủ Thiêm,shop,6.0
2025-01-01,2025,vietnam-250101.osm.pbf,Thủ Thiêm,food_outlet,14.0
2025-01-01,2025,vietnam-250101.osm.pbf,Long Phước,shop,18.0
2025-01-01,2025,vietnam-250101.osm.pbf,Long Bình,shop,12.0
2025-01-01,2025,vietnam-250101.osm.pbf,Phú Hữu,health,2.0
2025-01-01,2025,vietnam-250101.osm.pbf,Long Trường,shop,36.0
2025-01-01,2025,vietnam-250101.osm.pbf,Bình Trưng Đông,health,4.0
2025-01-01,2025,vietnam-250101.osm.pbf,Long Thạnh Mỹ,food_outlet,42.0
2025-01-01,2025,vietnam-250101.osm.pbf,An Phú,health,8.0
2025-01-01,2025,vietnam-250101.osm.pbf,Long Bình,education,22.0
2025-01-01,2025,vietnam-250101.osm.pbf,An Khánh,education,20.0
2025-01-01,2025,vietnam-250101.osm.pbf,Thạnh Mỹ Lợi,education,18.0
2025-01-01,2025,vietnam-250101.osm.pbf,Long Thạnh Mỹ,public_space,86.0
2025-01-01,2025,vietnam-250101.osm.pbf,Long Bình,public_space,136.0
2025-01-01,2025,vietnam-250101.osm.pbf,Long Thạnh Mỹ,health,10.0
2025-01-01,2025,vietnam-250101.osm.pbf,An Phú,public_space,82.0
2025-01-01,2025,vietnam-250101.osm.pbf,Phước Long A,food_outlet,2.0
2025-01-01,2025,vietnam-250101.osm.pbf,Bình Trưng Tây,public_space,22.0
2025-01-01,2025,vietnam-250101.osm.pbf,Trường Thạnh,religious_premises,2.0
2025-01-01,2025,vietnam-250101.osm.pbf,Cát Lái,public_space,8.0
2025-01-01,2025,vietnam-250101.osm.pbf,Linh Trung,public_space,94.0
2025-01-01,2025,vietnam-250101.osm.pbf,Linh Tây,public_space,12.0
2025-01-01,2025,vietnam-250101.osm.pbf,Tân Phú,education,10.0
2025-01-01,2025,vietnam-250101.osm.pbf,Tân Phú,marketplace,2.0
2025-01-01,2025,vietnam-250101.osm.pbf,Tam Phú,education,10.0
2025-01-01,2025,vietnam-250101.osm.pbf,Tân Phú,public_space,10.0
2025-01-01,2025,vietnam-250101.osm.pbf,Tam Bình,marketplace,4.0
2025-01-01,2025,vietnam-250101.osm.pbf,Trường Thọ,marketplace,2.0
2025-01-01,2025,vietnam-250101.osm.pbf,Thủ Thiêm,religious_premises,10.0
2025-01-01,2025,vietnam-250101.osm.pbf,Bình Thọ,public_space,10.0
2025-01-01,2025,vietnam-250101.osm.pbf,Thảo Điền,public_space,52.0
2025-01-01,2025,vietnam-250101.osm.pbf,Hiệp Bình Phước,education,22.0
2025-01-01,2025,vietnam-250101.osm.pbf,Phước Long A,public_space,6.0
2025-01-01,2025,vietnam-250101.osm.pbf,Tăng Nhơn Phú B,public_space,10.0
2025-01-01,2025,vietnam-250101.osm.pbf,Tăng Nhơn Phú A,public_space,26.0
2025-01-01,2025,vietnam-250101.osm.pbf,Phước Long B,public_space,18.0
2025-01-01,2025,vietnam-250101.osm.pbf,Phước Long B,education,12.0
2025-01-01,2025,vietnam-250101.osm.pbf,Hiệp Phú,public_space,24.0
2025-01-01,2025,vietnam-250101.osm.pbf,Phước Bình,marketplace,2.0
2025-01-01,2025,vietnam-250101.osm.pbf,Phước Bình,education,18.0
2025-01-01,2025,vietnam-250101.osm.pbf,Linh Đông,public_space,4.0
2025-01-01,2025,vietnam-250101.osm.pbf,Tam Bình,public_space,6.0
2025-01-01,2025,vietnam-250101.osm.pbf,Bình Thọ,marketplace,2.0
2025-01-01,2025,vietnam-250101.osm.pbf,Trường Thọ,religious_premises,2.0
2025-01-01,2025,vietnam-250101.osm.pbf,Hiệp Bình Chánh,education,8.0
2025-01-01,2025,vietnam-250101.osm.pbf,Trường Thọ,public_space,8.0
2025-01-01,2025,vietnam-250101.osm.pbf,Thảo Điền,marketplace,4.0
2025-01-01,2025,vietnam-250101.osm.pbf,Thạnh Mỹ Lợi,religious_premises,4.0
2025-01-01,2025,vietnam-250101.osm.pbf,Linh Tây,marketplace,2.0
2025-01-01,2025,vietnam-250101.osm.pbf,Trường Thọ,education,8.0
2025-01-01,2025,vietnam-250101.osm.pbf,Linh Trung,marketplace,2.0
2025-01-01,2025,vietnam-250101.osm.pbf,Bình Chiểu,public_space,2.0
2025-01-01,2025,vietnam-250101.osm.pbf,Bình Chiểu,education,12.0
2025-01-01,2025,vietnam-250101.osm.pbf,Linh Xuân,public_space,20.0
2025-01-01,2025,vietnam-250101.osm.pbf,Hiệp Bình Phước,religious_premises,2.0
2025-01-01,2025,vietnam-250101.osm.pbf,An Khánh,public_space,12.0
2025-01-01,2025,vietnam-250101.osm.pbf,Tăng Nhơn Phú A,health,2.0
2025-01-01,2025,vietnam-250101.osm.pbf,Tăng Nhơn Phú A,marketplace,2.0
2025-01-01,2025,vietnam-250101.osm.pbf,Tân Phú,health,2.0
2025-01-01,2025,vietnam-250101.osm.pbf,Bình Trưng Tây,education,6.0
2025-01-01,2025,vietnam-250101.osm.pbf,Cát Lái,marketplace,2.0
2025-01-01,2025,vietnam-250101.osm.pbf,Trường Thạnh,public_space,6.0
2025-01-01,2025,vietnam-250101.osm.pbf,Phú Hữu,public_space,14.0
2025-01-01,2025,vietnam-250101.osm.pbf,Bình Trưng Tây,marketplace,2.0
2025-01-01,2025,vietnam-250101.osm.pbf,Tam Bình,education,4.0
2025-01-01,2025,vietnam-250101.osm.pbf,Linh Xuân,health,2.0
2025-01-01,2025,vietnam-250101.osm.pbf,Tam Phú,public_space,6.0
2025-01-01,2025,vietnam-250101.osm.pbf,Trường Thạnh,education,2.0
2025-01-01,2025,vietnam-250101.osm.pbf,Long Trường,public_space,8.0
2025-01-01,2025,vietnam-250101.osm.pbf,Long Bình,health,2.0
2025-01-01,2025,vietnam-250101.osm.pbf,An Lợi Đông,education,2.0
2025-01-01,2025,vietnam-250101.osm.pbf,Cát Lái,health,2.0
2025-01-01,2025,vietnam-250101.osm.pbf,Linh Đông,health,2.0
2025-01-01,2025,vietnam-250101.osm.pbf,Linh Tây,religious_premises,2.0
2025-01-01,2025,vietnam-250101.osm.pbf,Linh Trung,road_km,324.153
2025-01-01,2025,vietnam-250101.osm.pbf,Cát Lái,road_km,234.72
2025-01-01,2025,vietnam-250101.osm.pbf,Phước Bình,road_km,39.295
2025-01-01,2025,vietnam-250101.osm.pbf,Hiệp Phú,road_km,101.379
2025-01-01,2025,vietnam-250101.osm.pbf,Long Phước,road_km,240.763
2025-01-01,2025,vietnam-250101.osm.pbf,Bình Thọ,road_km,50.712
2025-01-01,2025,vietnam-250101.osm.pbf,Linh Xuân,road_km,164.584
2025-01-01,2025,vietnam-250101.osm.pbf,An Khánh,road_km,123.73
2025-01-01,2025,vietnam-250101.osm.pbf,Tăng Nhơn Phú A,road_km,150.348
2025-01-01,2025,vietnam-250101.osm.pbf,Linh Chiểu,road_km,62.94
2025-01-01,2025,vietnam-250101.osm.pbf,Long Bình,road_km,350.339
2025-01-01,2025,vietnam-250101.osm.pbf,An Phú,road_km,328.273
2025-01-01,2025,vietnam-250101.osm.pbf,Thảo Điền,road_km,129.611
2025-01-01,2025,vietnam-250101.osm.pbf,Linh Tây,road_km,66.078
2025-01-01,2025,vietnam-250101.osm.pbf,Trường Thạnh,road_km,233.907
2025-01-01,2025,vietnam-250101.osm.pbf,Bình Trưng Đông,road_km,106.559
2025-01-01,2025,vietnam-250101.osm.pbf,Long Thạnh Mỹ,road_km,301.777
2025-01-01,2025,vietnam-250101.osm.pbf,Tân Phú,road_km,174.131
2025-01-01,2025,vietnam-250101.osm.pbf,Linh Đông,road_km,120.19
2025-01-01,2025,vietnam-250101.osm.pbf,Tăng Nhơn Phú B,road_km,182.466
2025-01-01,2025,vietnam-250101.osm.pbf,Hiệp Bình Chánh,road_km,283.146
2025-01-01,2025,vietnam-250101.osm.pbf,Tam Phú,road_km,104.732
2025-01-01,2025,vietnam-250101.osm.pbf,Bình Chiểu,road_km,210.397
2025-01-01,2025,vietnam-250101.osm.pbf,Phước Long B,road_km,244.277
2025-01-01,2025,vietnam-250101.osm.pbf,Phước Long A,road_km,105.026
2025-01-01,2025,vietnam-250101.osm.pbf,Tam Bình,road_km,89.511
2025-01-01,2025,vietnam-250101.osm.pbf,Phú Hữu,road_km,378.95
2025-01-01,2025,vietnam-250101.osm.pbf,Trường Thọ,road_km,183.629
2025-01-01,2025,vietnam-250101.osm.pbf,Thạnh Mỹ Lợi,road_km,289.81
2025-01-01,2025,vietnam-250101.osm.pbf,Hiệp Bình Phước,road_km,295.777
2025-01-01,2025,vietnam-250101.osm.pbf,An Lợi Đông,road_km,72.465
2025-01-01,2025,vietnam-250101.osm.pbf,Thủ Thiêm,road_km,76.777
2025-01-01,2025,vietnam-250101.osm.pbf,Long Trường,road_km,189.664
2025-01-01,2025,vietnam-250101.osm.pbf,Bình Trưng Tây,road_km,77.417
2026-01-01,2026,vietnam-260101.osm.pbf,Hiệp Phú,food_outlet,22.0
2026-01-01,2026,vietnam-260101.osm.pbf,Linh Đông,food_outlet,12.0
2026-01-01,2026,vietnam-260101.osm.pbf,An Khánh,food_outlet,32.0
2026-01-01,2026,vietnam-260101.osm.pbf,An Phú,food_outlet,114.0
2026-01-01,2026,vietnam-260101.osm.pbf,Trường Thọ,food_outlet,12.0
2026-01-01,2026,vietnam-260101.osm.pbf,Bình Thọ,food_outlet,74.0
2026-01-01,2026,vietnam-260101.osm.pbf,Bình Trưng Đông,education,16.0
2026-01-01,2026,vietnam-260101.osm.pbf,Long Trường,education,8.0
2026-01-01,2026,vietnam-260101.osm.pbf,An Phú,shop,106.0
2026-01-01,2026,vietnam-260101.osm.pbf,Thảo Điền,food_outlet,250.0
2026-01-01,2026,vietnam-260101.osm.pbf,Thảo Điền,shop,158.0
2026-01-01,2026,vietnam-260101.osm.pbf,Trường Thạnh,food_outlet,6.0
2026-01-01,2026,vietnam-260101.osm.pbf,Bình Trưng Tây,shop,52.0
2026-01-01,2026,vietnam-260101.osm.pbf,Phú Hữu,education,4.0
2026-01-01,2026,vietnam-260101.osm.pbf,Tăng Nhơn Phú B,education,6.0
2026-01-01,2026,vietnam-260101.osm.pbf,Tăng Nhơn Phú B,marketplace,2.0
2026-01-01,2026,vietnam-260101.osm.pbf,Tăng Nhơn Phú B,religious_premises,10.0
2026-01-01,2026,vietnam-260101.osm.pbf,An Khánh,marketplace,8.0
2026-01-01,2026,vietnam-260101.osm.pbf,Bình Thọ,education,34.0
2026-01-01,2026,vietnam-260101.osm.pbf,Linh Chiểu,food_outlet,32.0
2026-01-01,2026,vietnam-260101.osm.pbf,Bình Trưng Đông,food_outlet,6.0
2026-01-01,2026,vietnam-260101.osm.pbf,Bình Thọ,shop,78.0
2026-01-01,2026,vietnam-260101.osm.pbf,Linh Chiểu,shop,48.0
2026-01-01,2026,vietnam-260101.osm.pbf,Bình Thọ,health,12.0
2026-01-01,2026,vietnam-260101.osm.pbf,Linh Chiểu,health,6.0
2026-01-01,2026,vietnam-260101.osm.pbf,Linh Trung,education,30.0
2026-01-01,2026,vietnam-260101.osm.pbf,Linh Trung,health,20.0
2026-01-01,2026,vietnam-260101.osm.pbf,Linh Tây,shop,54.0
2026-01-01,2026,vietnam-260101.osm.pbf,Hiệp Phú,health,4.0
2026-01-01,2026,vietnam-260101.osm.pbf,Bình Thọ,religious_premises,22.0
2026-01-01,2026,vietnam-260101.osm.pbf,Hiệp Phú,shop,60.0
2026-01-01,2026,vietnam-260101.osm.pbf,Linh Trung,food_outlet,34.0
2026-01-01,2026,vietnam-260101.osm.pbf,Linh Xuân,religious_premises,20.0
2026-01-01,2026,vietnam-260101.osm.pbf,Bình Trưng Đông,religious_premises,12.0
2026-01-01,2026,vietnam-260101.osm.pbf,Bình Trưng Đông,shop,22.0
2026-01-01,2026,vietnam-260101.osm.pbf,Bình Trưng Đông,public_space,26.0
2026-01-01,2026,vietnam-260101.osm.pbf,Linh Trung,shop,38.0
2026-01-01,2026,vietnam-260101.osm.pbf,Linh Chiểu,public_space,56.0
2026-01-01,2026,vietnam-260101.osm.pbf,Hiệp Phú,education,32.0
2026-01-01,2026,vietnam-260101.osm.pbf,Thảo Điền,education,30.0
2026-01-01,2026,vietnam-260101.osm.pbf,Linh Đông,education,10.0
2026-01-01,2026,vietnam-260101.osm.pbf,Tăng Nhơn Phú A,religious_premises,6.0
2026-01-01,2026,vietnam-260101.osm.pbf,Bình Trưng Tây,food_outlet,44.0
2026-01-01,2026,vietnam-260101.osm.pbf,Phú Hữu,food_outlet,4.0
2026-01-01,2026,vietnam-260101.osm.pbf,Hiệp Bình Chánh,food_outlet,184.0
2026-01-01,2026,vietnam-260101.osm.pbf,Tăng Nhơn Phú B,food_outlet,12.0
2026-01-01,2026,vietnam-260101.osm.pbf,Tăng Nhơn Phú B,shop,44.0
2026-01-01,2026,vietnam-260101.osm.pbf,Tăng Nhơn Phú A,shop,34.0
2026-01-01,2026,vietnam-260101.osm.pbf,Hiệp Phú,religious_premises,2.0
2026-01-01,2026,vietnam-260101.osm.pbf,Tăng Nhơn Phú B,health,4.0
2026-01-01,2026,vietnam-260101.osm.pbf,Hiệp Bình Phước,public_space,36.0
2026-01-01,2026,vietnam-260101.osm.pbf,Hiệp Bình Phước,shop,30.0
2026-01-01,2026,vietnam-260101.osm.pbf,Hiệp Bình Phước,marketplace,2.0
2026-01-01,2026,vietnam-260101.osm.pbf,Phước Long B,shop,60.0
2026-01-01,2026,vietnam-260101.osm.pbf,Long Trường,marketplace,2.0
2026-01-01,2026,vietnam-260101.osm.pbf,An Lợi Đông,public_space,24.0
2026-01-01,2026,vietnam-260101.osm.pbf,Long Phước,religious_premises,12.0
2026-01-01,2026,vietnam-260101.osm.pbf,Long Thạnh Mỹ,shop,72.0
2026-01-01,2026,vietnam-260101.osm.pbf,Trường Thạnh,shop,20.0
2026-01-01,2026,vietnam-260101.osm.pbf,Tam Phú,religious_premises,12.0
2026-01-01,2026,vietnam-260101.osm.pbf,Linh Tây,food_outlet,8.0
2026-01-01,2026,vietnam-260101.osm.pbf,An Phú,religious_premises,22.0
2026-01-01,2026,vietnam-260101.osm.pbf,Thạnh Mỹ Lợi,public_space,30.0
2026-01-01,2026,vietnam-260101.osm.pbf,An Phú,education,30.0
2026-01-01,2026,vietnam-260101.osm.pbf,Trường Thọ,shop,12.0
2026-01-01,2026,vietnam-260101.osm.pbf,Tam Phú,food_outlet,2.0
2026-01-01,2026,vietnam-260101.osm.pbf,Tam Phú,shop,12.0
2026-01-01,2026,vietnam-260101.osm.pbf,Bình Chiểu,shop,16.0
2026-01-01,2026,vietnam-260101.osm.pbf,Linh Xuân,shop,18.0
2026-01-01,2026,vietnam-260101.osm.pbf,Phước Long B,food_outlet,12.0
2026-01-01,2026,vietnam-260101.osm.pbf,An Khánh,shop,40.0
2026-01-01,2026,vietnam-260101.osm.pbf,Linh Đông,shop,20.0
2026-01-01,2026,vietnam-260101.osm.pbf,Cát Lái,education,8.0
2026-01-01,2026,vietnam-260101.osm.pbf,Hiệp Bình Chánh,shop,124.0
2026-01-01,2026,vietnam-260101.osm.pbf,Cát Lái,shop,24.0
2026-01-01,2026,vietnam-260101.osm.pbf,Linh Xuân,food_outlet,8.0
2026-01-01,2026,vietnam-260101.osm.pbf,Phước Long A,shop,20.0
2026-01-01,2026,vietnam-260101.osm.pbf,Bình Trưng Tây,health,8.0
2026-01-01,2026,vietnam-260101.osm.pbf,Linh Trung,religious_premises,10.0
2026-01-01,2026,vietnam-260101.osm.pbf,Tam Bình,religious_premises,8.0
2026-01-01,2026,vietnam-260101.osm.pbf,Bình Chiểu,marketplace,4.0
2026-01-01,2026,vietnam-260101.osm.pbf,Linh Tây,health,6.0
2026-01-01,2026,vietnam-260101.osm.pbf,Thạnh Mỹ Lợi,shop,86.0
2026-01-01,2026,vietnam-260101.osm.pbf,Phước Long A,health,2.0
2026-01-01,2026,vietnam-260101.osm.pbf,Tân Phú,food_outlet,8.0
2026-01-01,2026,vietnam-260101.osm.pbf,Bình Chiểu,religious_premises,22.0
2026-01-01,2026,vietnam-260101.osm.pbf,Tân Phú,shop,48.0
2026-01-01,2026,vietnam-260101.osm.pbf,Linh Xuân,education,20.0
2026-01-01,2026,vietnam-260101.osm.pbf,Linh Đông,religious_premises,20.0
2026-01-01,2026,vietnam-260101.osm.pbf,Tăng Nhơn Phú A,food_outlet,16.0
2026-01-01,2026,vietnam-260101.osm.pbf,Tăng Nhơn Phú A,education,24.0
2026-01-01,2026,vietnam-260101.osm.pbf,Linh Chiểu,education,28.0
2026-01-01,2026,vietnam-260101.osm.pbf,Hiệp Bình Chánh,religious_premises,18.0
2026-01-01,2026,vietnam-260101.osm.pbf,Tam Bình,health,4.0
2026-01-01,2026,vietnam-260101.osm.pbf,Tam Bình,shop,6.0
2026-01-01,2026,vietnam-260101.osm.pbf,Hiệp Bình Phước,food_outlet,16.0
2026-01-01,2026,vietnam-260101.osm.pbf,Tân Phú,religious_premises,16.0
2026-01-01,2026,vietnam-260101.osm.pbf,Thạnh Mỹ Lợi,marketplace,6.0
2026-01-01,2026,vietnam-260101.osm.pbf,Cát Lái,food_outlet,4.0
2026-01-01,2026,vietnam-260101.osm.pbf,Thảo Điền,health,10.0
2026-01-01,2026,vietnam-260101.osm.pbf,Hiệp Bình Chánh,health,12.0
2026-01-01,2026,vietnam-260101.osm.pbf,Hiệp Bình Phước,health,16.0
2026-01-01,2026,vietnam-260101.osm.pbf,Long Thạnh Mỹ,education,28.0
2026-01-01,2026,vietnam-260101.osm.pbf,Long Phước,food_outlet,2.0
2026-01-01,2026,vietnam-260101.osm.pbf,An Lợi Đông,shop,16.0
2026-01-01,2026,vietnam-260101.osm.pbf,Phước Bình,health,4.0
2026-01-01,2026,vietnam-260101.osm.pbf,Phước Long A,religious_premises,12.0
2026-01-01,2026,vietnam-260101.osm.pbf,An Lợi Đông,food_outlet,12.0
2026-01-01,2026,vietnam-260101.osm.pbf,Phú Hữu,shop,18.0
2026-01-01,2026,vietnam-260101.osm.pbf,Hiệp Bình Chánh,public_space,24.0
2026-01-01,2026,vietnam-260101.osm.pbf,Phước Bình,shop,10.0
2026-01-01,2026,vietnam-260101.osm.pbf,Thảo Điền,religious_premises,8.0
2026-01-01,2026,vietnam-260101.osm.pbf,Cát Lái,religious_premises,16.0
2026-01-01,2026,vietnam-260101.osm.pbf,Thạnh Mỹ Lợi,food_outlet,100.0
2026-01-01,2026,vietnam-260101.osm.pbf,Thạnh Mỹ Lợi,health,10.0
2026-01-01,2026,vietnam-260101.osm.pbf,Phước Bình,religious_premises,6.0
2026-01-01,2026,vietnam-260101.osm.pbf,Phước Long B,marketplace,2.0
2026-01-01,2026,vietnam-260101.osm.pbf,Linh Chiểu,religious_premises,12.0
2026-01-01,2026,vietnam-260101.osm.pbf,Linh Xuân,marketplace,2.0
2026-01-01,2026,vietnam-260101.osm.pbf,Linh Tây,education,14.0
2026-01-01,2026,vietnam-260101.osm.pbf,Phước Long A,education,12.0
2026-01-01,2026,vietnam-260101.osm.pbf,Phú Hữu,marketplace,2.0
2026-01-01,2026,vietnam-260101.osm.pbf,Tam Bình,food_outlet,2.0
2026-01-01,2026,vietnam-260101.osm.pbf,Bình Trưng Tây,religious_premises,18.0
2026-01-01,2026,vietnam-260101.osm.pbf,Phú Hữu,religious_premises,14.0
2026-01-01,2026,vietnam-260101.osm.pbf,Long Thạnh Mỹ,religious_premises,22.0
2026-01-01,2026,vietnam-260101.osm.pbf,Long Bình,religious_premises,22.0
2026-01-01,2026,vietnam-260101.osm.pbf,Long Trường,religious_premises,8.0
2026-01-01,2026,vietnam-260101.osm.pbf,Thủ Thiêm,public_space,22.0
2026-01-01,2026,vietnam-260101.osm.pbf,Long Bình,food_outlet,6.0
2026-01-01,2026,vietnam-260101.osm.pbf,Thủ Thiêm,shop,8.0
2026-01-01,2026,vietnam-260101.osm.pbf,Thủ Thiêm,food_outlet,18.0
2026-01-01,2026,vietnam-260101.osm.pbf,Long Phước,shop,18.0
2026-01-01,2026,vietnam-260101.osm.pbf,Long Bình,shop,18.0
2026-01-01,2026,vietnam-260101.osm.pbf,Phú Hữu,health,2.0
2026-01-01,2026,vietnam-260101.osm.pbf,Long Trường,shop,36.0
2026-01-01,2026,vietnam-260101.osm.pbf,Bình Trưng Đông,health,4.0
2026-01-01,2026,vietnam-260101.osm.pbf,Long Thạnh Mỹ,food_outlet,42.0
2026-01-01,2026,vietnam-260101.osm.pbf,An Phú,health,8.0
2026-01-01,2026,vietnam-260101.osm.pbf,Long Bình,education,22.0
2026-01-01,2026,vietnam-260101.osm.pbf,An Khánh,education,20.0
2026-01-01,2026,vietnam-260101.osm.pbf,Long Thạnh Mỹ,public_space,90.0
2026-01-01,2026,vietnam-260101.osm.pbf,Long Bình,public_space,114.0
2026-01-01,2026,vietnam-260101.osm.pbf,Long Thạnh Mỹ,health,10.0
2026-01-01,2026,vietnam-260101.osm.pbf,An Phú,public_space,86.0
2026-01-01,2026,vietnam-260101.osm.pbf,Phước Long A,food_outlet,6.0
2026-01-01,2026,vietnam-260101.osm.pbf,Bình Trưng Tây,public_space,22.0
2026-01-01,2026,vietnam-260101.osm.pbf,Trường Thạnh,religious_premises,8.0
2026-01-01,2026,vietnam-260101.osm.pbf,Trường Thạnh,public_space,8.0
2026-01-01,2026,vietnam-260101.osm.pbf,Long Phước,marketplace,2.0
2026-01-01,2026,vietnam-260101.osm.pbf,Cát Lái,public_space,10.0
2026-01-01,2026,vietnam-260101.osm.pbf,Linh Trung,public_space,88.0
2026-01-01,2026,vietnam-260101.osm.pbf,Linh Tây,public_space,12.0
2026-01-01,2026,vietnam-260101.osm.pbf,Tân Phú,education,10.0
2026-01-01,2026,vietnam-260101.osm.pbf,Tân Phú,marketplace,2.0
2026-01-01,2026,vietnam-260101.osm.pbf,Tam Phú,education,10.0
2026-01-01,2026,vietnam-260101.osm.pbf,Tân Phú,public_space,10.0
2026-01-01,2026,vietnam-260101.osm.pbf,Tam Bình,marketplace,4.0
2026-01-01,2026,vietnam-260101.osm.pbf,Trường Thọ,marketplace,2.0
2026-01-01,2026,vietnam-260101.osm.pbf,Thủ Thiêm,religious_premises,8.0
2026-01-01,2026,vietnam-260101.osm.pbf,Bình Thọ,public_space,10.0
2026-01-01,2026,vietnam-260101.osm.pbf,Thảo Điền,public_space,56.0
2026-01-01,2026,vietnam-260101.osm.pbf,Hiệp Bình Phước,education,22.0
2026-01-01,2026,vietnam-260101.osm.pbf,Phước Long A,public_space,8.0
2026-01-01,2026,vietnam-260101.osm.pbf,Tăng Nhơn Phú B,public_space,10.0
2026-01-01,2026,vietnam-260101.osm.pbf,Tăng Nhơn Phú A,public_space,26.0
2026-01-01,2026,vietnam-260101.osm.pbf,Phước Long B,public_space,18.0
2026-01-01,2026,vietnam-260101.osm.pbf,Phước Long B,education,12.0
2026-01-01,2026,vietnam-260101.osm.pbf,Hiệp Phú,public_space,24.0
2026-01-01,2026,vietnam-260101.osm.pbf,Phước Bình,marketplace,2.0
2026-01-01,2026,vietnam-260101.osm.pbf,Phước Bình,education,18.0
2026-01-01,2026,vietnam-260101.osm.pbf,Linh Đông,public_space,4.0
2026-01-01,2026,vietnam-260101.osm.pbf,Tam Bình,public_space,6.0
2026-01-01,2026,vietnam-260101.osm.pbf,Bình Thọ,marketplace,2.0
2026-01-01,2026,vietnam-260101.osm.pbf,Trường Thọ,religious_premises,6.0
2026-01-01,2026,vietnam-260101.osm.pbf,Hiệp Bình Chánh,education,8.0
2026-01-01,2026,vietnam-260101.osm.pbf,Trường Thọ,public_space,8.0
2026-01-01,2026,vietnam-260101.osm.pbf,Thảo Điền,marketplace,4.0
2026-01-01,2026,vietnam-260101.osm.pbf,Thạnh Mỹ Lợi,religious_premises,10.0
2026-01-01,2026,vietnam-260101.osm.pbf,Thạnh Mỹ Lợi,education,14.0
2026-01-01,2026,vietnam-260101.osm.pbf,Linh Tây,marketplace,2.0
2026-01-01,2026,vietnam-260101.osm.pbf,Trường Thọ,education,8.0
2026-01-01,2026,vietnam-260101.osm.pbf,Linh Trung,marketplace,2.0
2026-01-01,2026,vietnam-260101.osm.pbf,Bình Chiểu,public_space,2.0
2026-01-01,2026,vietnam-260101.osm.pbf,Bình Chiểu,education,12.0
2026-01-01,2026,vietnam-260101.osm.pbf,Linh Xuân,public_space,22.0
2026-01-01,2026,vietnam-260101.osm.pbf,Hiệp Bình Phước,religious_premises,6.0
2026-01-01,2026,vietnam-260101.osm.pbf,An Khánh,religious_premises,6.0
2026-01-01,2026,vietnam-260101.osm.pbf,An Khánh,public_space,12.0
2026-01-01,2026,vietnam-260101.osm.pbf,Tăng Nhơn Phú A,health,2.0
2026-01-01,2026,vietnam-260101.osm.pbf,Tăng Nhơn Phú A,marketplace,2.0
2026-01-01,2026,vietnam-260101.osm.pbf,Hiệp Bình Chánh,marketplace,4.0
2026-01-01,2026,vietnam-260101.osm.pbf,Linh Tây,religious_premises,4.0
2026-01-01,2026,vietnam-260101.osm.pbf,Tân Phú,health,2.0
2026-01-01,2026,vietnam-260101.osm.pbf,Bình Trưng Tây,education,6.0
2026-01-01,2026,vietnam-260101.osm.pbf,Cát Lái,marketplace,2.0
2026-01-01,2026,vietnam-260101.osm.pbf,Phú Hữu,public_space,14.0
2026-01-01,2026,vietnam-260101.osm.pbf,Bình Trưng Tây,marketplace,2.0
2026-01-01,2026,vietnam-260101.osm.pbf,Phước Long B,religious_premises,4.0
2026-01-01,2026,vietnam-260101.osm.pbf,Tam Bình,education,4.0
2026-01-01,2026,vietnam-260101.osm.pbf,Tam Phú,health,2.0
2026-01-01,2026,vietnam-260101.osm.pbf,Linh Xuân,health,2.0
2026-01-01,2026,vietnam-260101.osm.pbf,Tam Phú,public_space,6.0
2026-01-01,2026,vietnam-260101.osm.pbf,Trường Thạnh,education,2.0
2026-01-01,2026,vietnam-260101.osm.pbf,Long Trường,public_space,10.0
2026-01-01,2026,vietnam-260101.osm.pbf,Long Bình,health,2.0
2026-01-01,2026,vietnam-260101.osm.pbf,An Lợi Đông,education,2.0
2026-01-01,2026,vietnam-260101.osm.pbf,Cát Lái,health,2.0
2026-01-01,2026,vietnam-260101.osm.pbf,Linh Đông,health,2.0
2026-01-01,2026,vietnam-260101.osm.pbf,Phước Bình,public_space,6.0
2026-01-01,2026,vietnam-260101.osm.pbf,Linh Trung,road_km,327.587
2026-01-01,2026,vietnam-260101.osm.pbf,Cát Lái,road_km,230.395
2026-01-01,2026,vietnam-260101.osm.pbf,Phước Bình,road_km,39.628
2026-01-01,2026,vietnam-260101.osm.pbf,Hiệp Phú,road_km,99.259
2026-01-01,2026,vietnam-260101.osm.pbf,Long Phước,road_km,239.62
2026-01-01,2026,vietnam-260101.osm.pbf,Bình Thọ,road_km,51.414
2026-01-01,2026,vietnam-260101.osm.pbf,Linh Xuân,road_km,164.624
2026-01-01,2026,vietnam-260101.osm.pbf,An Khánh,road_km,127.053
2026-01-01,2026,vietnam-260101.osm.pbf,Tăng Nhơn Phú A,road_km,149.982
2026-01-01,2026,vietnam-260101.osm.pbf,Linh Chiểu,road_km,65.124
2026-01-01,2026,vietnam-260101.osm.pbf,Long Bình,road_km,383.203
2026-01-01,2026,vietnam-260101.osm.pbf,An Phú,road_km,334.869
2026-01-01,2026,vietnam-260101.osm.pbf,Thảo Điền,road_km,129.508
2026-01-01,2026,vietnam-260101.osm.pbf,Linh Tây,road_km,66.622
2026-01-01,2026,vietnam-260101.osm.pbf,Trường Thạnh,road_km,246.868
2026-01-01,2026,vietnam-260101.osm.pbf,Bình Trưng Đông,road_km,112.807
2026-01-01,2026,vietnam-260101.osm.pbf,Long Thạnh Mỹ,road_km,301.249
2026-01-01,2026,vietnam-260101.osm.pbf,Tân Phú,road_km,175.146
2026-01-01,2026,vietnam-260101.osm.pbf,Linh Đông,road_km,121.182
2026-01-01,2026,vietnam-260101.osm.pbf,Tăng Nhơn Phú B,road_km,185.472
2026-01-01,2026,vietnam-260101.osm.pbf,Hiệp Bình Chánh,road_km,286.905
2026-01-01,2026,vietnam-260101.osm.pbf,Tam Phú,road_km,98.757
2026-01-01,2026,vietnam-260101.osm.pbf,Bình Chiểu,road_km,204.221
2026-01-01,2026,vietnam-260101.osm.pbf,Phước Long B,road_km,249.911
2026-01-01,2026,vietnam-260101.osm.pbf,Phước Long A,road_km,103.309
2026-01-01,2026,vietnam-260101.osm.pbf,Tam Bình,road_km,96.175
2026-01-01,2026,vietnam-260101.osm.pbf,Phú Hữu,road_km,382.373
2026-01-01,2026,vietnam-260101.osm.pbf,Trường Thọ,road_km,183.568
2026-01-01,2026,vietnam-260101.osm.pbf,Thạnh Mỹ Lợi,road_km,290.034
2026-01-01,2026,vietnam-260101.osm.pbf,Hiệp Bình Phước,road_km,292.582
2026-01-01,2026,vietnam-260101.osm.pbf,An Lợi Đông,road_km,70.551
2026-01-01,2026,vietnam-260101.osm.pbf,Long Trường,road_km,200.34
2026-01-01,2026,vietnam-260101.osm.pbf,Bình Trưng Tây,road_km,78.207
2026-01-01,2026,vietnam-260101.osm.pbf,Thủ Thiêm,road_km,77.076
2026-06-01,2026,vietnam-260601.osm.pbf,Hiệp Phú,food_outlet,22.0
2026-06-01,2026,vietnam-260601.osm.pbf,Linh Đông,food_outlet,12.0
2026-06-01,2026,vietnam-260601.osm.pbf,An Khánh,food_outlet,36.0
2026-06-01,2026,vietnam-260601.osm.pbf,An Phú,food_outlet,116.0
2026-06-01,2026,vietnam-260601.osm.pbf,Trường Thọ,food_outlet,12.0
2026-06-01,2026,vietnam-260601.osm.pbf,Bình Thọ,food_outlet,74.0
2026-06-01,2026,vietnam-260601.osm.pbf,Bình Trưng Đông,education,16.0
2026-06-01,2026,vietnam-260601.osm.pbf,Long Trường,education,8.0
2026-06-01,2026,vietnam-260601.osm.pbf,An Phú,shop,108.0
2026-06-01,2026,vietnam-260601.osm.pbf,Thảo Điền,food_outlet,254.0
2026-06-01,2026,vietnam-260601.osm.pbf,Thảo Điền,shop,162.0
2026-06-01,2026,vietnam-260601.osm.pbf,Trường Thạnh,food_outlet,6.0
2026-06-01,2026,vietnam-260601.osm.pbf,Bình Trưng Tây,shop,52.0
2026-06-01,2026,vietnam-260601.osm.pbf,Phú Hữu,education,4.0
2026-06-01,2026,vietnam-260601.osm.pbf,Tăng Nhơn Phú B,marketplace,2.0
2026-06-01,2026,vietnam-260601.osm.pbf,Tăng Nhơn Phú B,religious_premises,10.0
2026-06-01,2026,vietnam-260601.osm.pbf,An Khánh,marketplace,8.0
2026-06-01,2026,vietnam-260601.osm.pbf,Bình Thọ,education,34.0
2026-06-01,2026,vietnam-260601.osm.pbf,Linh Chiểu,food_outlet,32.0
2026-06-01,2026,vietnam-260601.osm.pbf,Bình Trưng Đông,food_outlet,6.0
2026-06-01,2026,vietnam-260601.osm.pbf,Bình Thọ,shop,78.0
2026-06-01,2026,vietnam-260601.osm.pbf,Linh Chiểu,shop,48.0
2026-06-01,2026,vietnam-260601.osm.pbf,Bình Thọ,health,12.0
2026-06-01,2026,vietnam-260601.osm.pbf,Linh Chiểu,health,6.0
2026-06-01,2026,vietnam-260601.osm.pbf,Linh Trung,education,30.0
2026-06-01,2026,vietnam-260601.osm.pbf,Linh Trung,health,22.0
2026-06-01,2026,vietnam-260601.osm.pbf,Linh Tây,shop,54.0
2026-06-01,2026,vietnam-260601.osm.pbf,Hiệp Phú,health,4.0
2026-06-01,2026,vietnam-260601.osm.pbf,Bình Thọ,religious_premises,22.0
2026-06-01,2026,vietnam-260601.osm.pbf,Hiệp Phú,shop,60.0
2026-06-01,2026,vietnam-260601.osm.pbf,Linh Trung,food_outlet,34.0
2026-06-01,2026,vietnam-260601.osm.pbf,Linh Xuân,religious_premises,20.0
2026-06-01,2026,vietnam-260601.osm.pbf,Bình Trưng Đông,religious_premises,12.0
2026-06-01,2026,vietnam-260601.osm.pbf,Bình Trưng Đông,shop,22.0
2026-06-01,2026,vietnam-260601.osm.pbf,Bình Trưng Đông,public_space,26.0
2026-06-01,2026,vietnam-260601.osm.pbf,Linh Trung,shop,36.0
2026-06-01,2026,vietnam-260601.osm.pbf,Linh Chiểu,public_space,56.0
2026-06-01,2026,vietnam-260601.osm.pbf,Hiệp Phú,education,32.0
2026-06-01,2026,vietnam-260601.osm.pbf,Thảo Điền,education,30.0
2026-06-01,2026,vietnam-260601.osm.pbf,Linh Đông,education,10.0
2026-06-01,2026,vietnam-260601.osm.pbf,Tăng Nhơn Phú A,religious_premises,6.0
2026-06-01,2026,vietnam-260601.osm.pbf,Bình Trưng Tây,food_outlet,44.0
2026-06-01,2026,vietnam-260601.osm.pbf,Phú Hữu,food_outlet,4.0
2026-06-01,2026,vietnam-260601.osm.pbf,Hiệp Bình Chánh,food_outlet,184.0
2026-06-01,2026,vietnam-260601.osm.pbf,Tăng Nhơn Phú B,food_outlet,12.0
2026-06-01,2026,vietnam-260601.osm.pbf,Tăng Nhơn Phú B,shop,44.0
2026-06-01,2026,vietnam-260601.osm.pbf,Tăng Nhơn Phú A,shop,28.0
2026-06-01,2026,vietnam-260601.osm.pbf,Hiệp Phú,religious_premises,2.0
2026-06-01,2026,vietnam-260601.osm.pbf,Tăng Nhơn Phú B,health,4.0
2026-06-01,2026,vietnam-260601.osm.pbf,Hiệp Bình Phước,public_space,36.0
2026-06-01,2026,vietnam-260601.osm.pbf,Hiệp Bình Phước,shop,30.0
2026-06-01,2026,vietnam-260601.osm.pbf,Hiệp Bình Phước,marketplace,2.0
2026-06-01,2026,vietnam-260601.osm.pbf,Phước Long B,shop,60.0
2026-06-01,2026,vietnam-260601.osm.pbf,Long Trường,marketplace,2.0
2026-06-01,2026,vietnam-260601.osm.pbf,An Lợi Đông,public_space,26.0
2026-06-01,2026,vietnam-260601.osm.pbf,Long Phước,religious_premises,12.0
2026-06-01,2026,vietnam-260601.osm.pbf,Long Thạnh Mỹ,shop,74.0
2026-06-01,2026,vietnam-260601.osm.pbf,Trường Thạnh,shop,16.0
2026-06-01,2026,vietnam-260601.osm.pbf,Tam Phú,religious_premises,12.0
2026-06-01,2026,vietnam-260601.osm.pbf,Linh Tây,food_outlet,8.0
2026-06-01,2026,vietnam-260601.osm.pbf,An Phú,religious_premises,22.0
2026-06-01,2026,vietnam-260601.osm.pbf,Thạnh Mỹ Lợi,public_space,32.0
2026-06-01,2026,vietnam-260601.osm.pbf,An Phú,education,30.0
2026-06-01,2026,vietnam-260601.osm.pbf,Trường Thọ,shop,12.0
2026-06-01,2026,vietnam-260601.osm.pbf,Tam Phú,food_outlet,2.0
2026-06-01,2026,vietnam-260601.osm.pbf,Tam Phú,shop,12.0
2026-06-01,2026,vietnam-260601.osm.pbf,Bình Chiểu,shop,16.0
2026-06-01,2026,vietnam-260601.osm.pbf,Linh Xuân,shop,18.0
2026-06-01,2026,vietnam-260601.osm.pbf,Phước Long B,food_outlet,12.0
2026-06-01,2026,vietnam-260601.osm.pbf,An Khánh,shop,40.0
2026-06-01,2026,vietnam-260601.osm.pbf,Linh Đông,shop,20.0
2026-06-01,2026,vietnam-260601.osm.pbf,Cát Lái,education,8.0
2026-06-01,2026,vietnam-260601.osm.pbf,Hiệp Bình Chánh,shop,124.0
2026-06-01,2026,vietnam-260601.osm.pbf,Cát Lái,shop,24.0
2026-06-01,2026,vietnam-260601.osm.pbf,Linh Xuân,food_outlet,8.0
2026-06-01,2026,vietnam-260601.osm.pbf,Phước Long A,shop,20.0
2026-06-01,2026,vietnam-260601.osm.pbf,Bình Trưng Tây,health,8.0
2026-06-01,2026,vietnam-260601.osm.pbf,Linh Trung,religious_premises,10.0
2026-06-01,2026,vietnam-260601.osm.pbf,Tam Bình,religious_premises,8.0
2026-06-01,2026,vietnam-260601.osm.pbf,Bình Chiểu,marketplace,4.0
2026-06-01,2026,vietnam-260601.osm.pbf,Linh Tây,health,6.0
2026-06-01,2026,vietnam-260601.osm.pbf,Thạnh Mỹ Lợi,shop,86.0
2026-06-01,2026,vietnam-260601.osm.pbf,Phước Long A,health,2.0
2026-06-01,2026,vietnam-260601.osm.pbf,Tân Phú,food_outlet,8.0
2026-06-01,2026,vietnam-260601.osm.pbf,Bình Chiểu,religious_premises,22.0
2026-06-01,2026,vietnam-260601.osm.pbf,Tân Phú,shop,48.0
2026-06-01,2026,vietnam-260601.osm.pbf,Linh Xuân,education,20.0
2026-06-01,2026,vietnam-260601.osm.pbf,Phước Bình,shop,12.0
2026-06-01,2026,vietnam-260601.osm.pbf,Linh Đông,religious_premises,20.0
2026-06-01,2026,vietnam-260601.osm.pbf,Tăng Nhơn Phú A,food_outlet,16.0
2026-06-01,2026,vietnam-260601.osm.pbf,Tăng Nhơn Phú A,education,24.0
2026-06-01,2026,vietnam-260601.osm.pbf,Linh Chiểu,education,26.0
2026-06-01,2026,vietnam-260601.osm.pbf,Hiệp Bình Chánh,religious_premises,18.0
2026-06-01,2026,vietnam-260601.osm.pbf,Tam Bình,health,4.0
2026-06-01,2026,vietnam-260601.osm.pbf,Tam Bình,shop,6.0
2026-06-01,2026,vietnam-260601.osm.pbf,Hiệp Bình Phước,food_outlet,16.0
2026-06-01,2026,vietnam-260601.osm.pbf,Tân Phú,religious_premises,16.0
2026-06-01,2026,vietnam-260601.osm.pbf,Thạnh Mỹ Lợi,marketplace,6.0
2026-06-01,2026,vietnam-260601.osm.pbf,Cát Lái,food_outlet,4.0
2026-06-01,2026,vietnam-260601.osm.pbf,Thảo Điền,health,10.0
2026-06-01,2026,vietnam-260601.osm.pbf,Hiệp Bình Chánh,health,12.0
2026-06-01,2026,vietnam-260601.osm.pbf,Hiệp Bình Phước,health,16.0
2026-06-01,2026,vietnam-260601.osm.pbf,Long Thạnh Mỹ,education,28.0
2026-06-01,2026,vietnam-260601.osm.pbf,Long Phước,food_outlet,2.0
2026-06-01,2026,vietnam-260601.osm.pbf,An Lợi Đông,shop,20.0
2026-06-01,2026,vietnam-260601.osm.pbf,Phước Bình,health,4.0
2026-06-01,2026,vietnam-260601.osm.pbf,Phước Long A,religious_premises,12.0
2026-06-01,2026,vietnam-260601.osm.pbf,An Lợi Đông,food_outlet,12.0
2026-06-01,2026,vietnam-260601.osm.pbf,Phú Hữu,shop,18.0
2026-06-01,2026,vietnam-260601.osm.pbf,Hiệp Bình Chánh,public_space,24.0
2026-06-01,2026,vietnam-260601.osm.pbf,Thảo Điền,religious_premises,8.0
2026-06-01,2026,vietnam-260601.osm.pbf,Cát Lái,religious_premises,16.0
2026-06-01,2026,vietnam-260601.osm.pbf,Thạnh Mỹ Lợi,food_outlet,100.0
2026-06-01,2026,vietnam-260601.osm.pbf,Thạnh Mỹ Lợi,health,10.0
2026-06-01,2026,vietnam-260601.osm.pbf,Phước Bình,religious_premises,6.0
2026-06-01,2026,vietnam-260601.osm.pbf,Phước Long B,marketplace,2.0
2026-06-01,2026,vietnam-260601.osm.pbf,Linh Chiểu,religious_premises,10.0
2026-06-01,2026,vietnam-260601.osm.pbf,Linh Xuân,marketplace,2.0
2026-06-01,2026,vietnam-260601.osm.pbf,Linh Tây,education,14.0
2026-06-01,2026,vietnam-260601.osm.pbf,Phước Long A,education,12.0
2026-06-01,2026,vietnam-260601.osm.pbf,Phú Hữu,marketplace,2.0
2026-06-01,2026,vietnam-260601.osm.pbf,Tam Bình,food_outlet,2.0
2026-06-01,2026,vietnam-260601.osm.pbf,Bình Trưng Tây,religious_premises,18.0
2026-06-01,2026,vietnam-260601.osm.pbf,Phú Hữu,religious_premises,14.0
2026-06-01,2026,vietnam-260601.osm.pbf,Long Thạnh Mỹ,religious_premises,22.0
2026-06-01,2026,vietnam-260601.osm.pbf,Long Bình,religious_premises,22.0
2026-06-01,2026,vietnam-260601.osm.pbf,Long Trường,religious_premises,8.0
2026-06-01,2026,vietnam-260601.osm.pbf,Thủ Thiêm,public_space,20.0
2026-06-01,2026,vietnam-260601.osm.pbf,Long Bình,food_outlet,8.0
2026-06-01,2026,vietnam-260601.osm.pbf,Thủ Thiêm,shop,8.0
2026-06-01,2026,vietnam-260601.osm.pbf,Thủ Thiêm,food_outlet,18.0
2026-06-01,2026,vietnam-260601.osm.pbf,Long Phước,shop,18.0
2026-06-01,2026,vietnam-260601.osm.pbf,Long Bình,shop,22.0
2026-06-01,2026,vietnam-260601.osm.pbf,Phú Hữu,health,2.0
2026-06-01,2026,vietnam-260601.osm.pbf,Long Trường,shop,30.0
2026-06-01,2026,vietnam-260601.osm.pbf,Bình Trưng Đông,health,4.0
2026-06-01,2026,vietnam-260601.osm.pbf,Long Thạnh Mỹ,food_outlet,44.0
2026-06-01,2026,vietnam-260601.osm.pbf,An Phú,health,8.0
2026-06-01,2026,vietnam-260601.osm.pbf,Long Bình,education,22.0
2026-06-01,2026,vietnam-260601.osm.pbf,An Khánh,education,20.0
2026-06-01,2026,vietnam-260601.osm.pbf,Long Thạnh Mỹ,public_space,94.0
2026-06-01,2026,vietnam-260601.osm.pbf,Long Bình,public_space,112.0
2026-06-01,2026,vietnam-260601.osm.pbf,Long Thạnh Mỹ,health,10.0
2026-06-01,2026,vietnam-260601.osm.pbf,An Phú,public_space,88.0
2026-06-01,2026,vietnam-260601.osm.pbf,Phước Long A,food_outlet,6.0
2026-06-01,2026,vietnam-260601.osm.pbf,Bình Trưng Tây,public_space,22.0
2026-06-01,2026,vietnam-260601.osm.pbf,Trường Thạnh,religious_premises,8.0
2026-06-01,2026,vietnam-260601.osm.pbf,Trường Thạnh,public_space,8.0
2026-06-01,2026,vietnam-260601.osm.pbf,Thạnh Mỹ Lợi,education,16.0
2026-06-01,2026,vietnam-260601.osm.pbf,An Khánh,public_space,16.0
2026-06-01,2026,vietnam-260601.osm.pbf,Long Phước,marketplace,2.0
2026-06-01,2026,vietnam-260601.osm.pbf,Cát Lái,public_space,10.0
2026-06-01,2026,vietnam-260601.osm.pbf,Linh Trung,public_space,90.0
2026-06-01,2026,vietnam-260601.osm.pbf,Linh Tây,public_space,12.0
2026-06-01,2026,vietnam-260601.osm.pbf,Tân Phú,education,10.0
2026-06-01,2026,vietnam-260601.osm.pbf,Tân Phú,marketplace,2.0
2026-06-01,2026,vietnam-260601.osm.pbf,Tam Phú,education,10.0
2026-06-01,2026,vietnam-260601.osm.pbf,Tân Phú,public_space,10.0
2026-06-01,2026,vietnam-260601.osm.pbf,Tam Bình,marketplace,4.0
2026-06-01,2026,vietnam-260601.osm.pbf,Trường Thọ,marketplace,2.0
2026-06-01,2026,vietnam-260601.osm.pbf,Bình Thọ,public_space,10.0
2026-06-01,2026,vietnam-260601.osm.pbf,Thảo Điền,public_space,56.0
2026-06-01,2026,vietnam-260601.osm.pbf,Hiệp Bình Phước,education,22.0
2026-06-01,2026,vietnam-260601.osm.pbf,Phước Long A,public_space,8.0
2026-06-01,2026,vietnam-260601.osm.pbf,Tăng Nhơn Phú B,public_space,10.0
2026-06-01,2026,vietnam-260601.osm.pbf,Tăng Nhơn Phú A,public_space,26.0
2026-06-01,2026,vietnam-260601.osm.pbf,Phước Long B,public_space,18.0
2026-06-01,2026,vietnam-260601.osm.pbf,Phước Long B,education,12.0
2026-06-01,2026,vietnam-260601.osm.pbf,Tăng Nhơn Phú B,education,6.0
2026-06-01,2026,vietnam-260601.osm.pbf,Hiệp Phú,public_space,24.0
2026-06-01,2026,vietnam-260601.osm.pbf,Phước Bình,marketplace,2.0
2026-06-01,2026,vietnam-260601.osm.pbf,Phước Bình,education,18.0
2026-06-01,2026,vietnam-260601.osm.pbf,Linh Đông,public_space,4.0
2026-06-01,2026,vietnam-260601.osm.pbf,Tam Bình,public_space,6.0
2026-06-01,2026,vietnam-260601.osm.pbf,Bình Thọ,marketplace,2.0
2026-06-01,2026,vietnam-260601.osm.pbf,Trường Thọ,religious_premises,6.0
2026-06-01,2026,vietnam-260601.osm.pbf,Hiệp Bình Chánh,education,8.0
2026-06-01,2026,vietnam-260601.osm.pbf,Trường Thọ,public_space,8.0
2026-06-01,2026,vietnam-260601.osm.pbf,Thảo Điền,marketplace,4.0
2026-06-01,2026,vietnam-260601.osm.pbf,Thủ Thiêm,religious_premises,8.0
2026-06-01,2026,vietnam-260601.osm.pbf,Thạnh Mỹ Lợi,religious_premises,10.0
2026-06-01,2026,vietnam-260601.osm.pbf,Linh Tây,marketplace,2.0
2026-06-01,2026,vietnam-260601.osm.pbf,Trường Thọ,education,8.0
2026-06-01,2026,vietnam-260601.osm.pbf,Linh Trung,marketplace,2.0
2026-06-01,2026,vietnam-260601.osm.pbf,Bình Chiểu,public_space,2.0
2026-06-01,2026,vietnam-260601.osm.pbf,Bình Chiểu,education,12.0
2026-06-01,2026,vietnam-260601.osm.pbf,Linh Xuân,public_space,22.0
2026-06-01,2026,vietnam-260601.osm.pbf,Hiệp Bình Phước,religious_premises,6.0
2026-06-01,2026,vietnam-260601.osm.pbf,An Khánh,religious_premises,6.0
2026-06-01,2026,vietnam-260601.osm.pbf,Tăng Nhơn Phú A,health,2.0
2026-06-01,2026,vietnam-260601.osm.pbf,Tăng Nhơn Phú A,marketplace,2.0
2026-06-01,2026,vietnam-260601.osm.pbf,Hiệp Bình Chánh,marketplace,4.0
2026-06-01,2026,vietnam-260601.osm.pbf,Linh Tây,religious_premises,4.0
2026-06-01,2026,vietnam-260601.osm.pbf,Tân Phú,health,2.0
2026-06-01,2026,vietnam-260601.osm.pbf,Bình Trưng Tây,education,6.0
2026-06-01,2026,vietnam-260601.osm.pbf,Cát Lái,marketplace,2.0
2026-06-01,2026,vietnam-260601.osm.pbf,Phú Hữu,public_space,14.0
2026-06-01,2026,vietnam-260601.osm.pbf,Bình Trưng Tây,marketplace,2.0
2026-06-01,2026,vietnam-260601.osm.pbf,Phước Long B,religious_premises,4.0
2026-06-01,2026,vietnam-260601.osm.pbf,Tam Bình,education,4.0
2026-06-01,2026,vietnam-260601.osm.pbf,Tam Phú,health,2.0
2026-06-01,2026,vietnam-260601.osm.pbf,Linh Xuân,health,2.0
2026-06-01,2026,vietnam-260601.osm.pbf,Tam Phú,public_space,6.0
2026-06-01,2026,vietnam-260601.osm.pbf,Trường Thạnh,education,2.0
2026-06-01,2026,vietnam-260601.osm.pbf,Long Trường,public_space,10.0
2026-06-01,2026,vietnam-260601.osm.pbf,An Lợi Đông,education,2.0
2026-06-01,2026,vietnam-260601.osm.pbf,Cát Lái,health,2.0
2026-06-01,2026,vietnam-260601.osm.pbf,Linh Đông,health,2.0
2026-06-01,2026,vietnam-260601.osm.pbf,Phước Bình,public_space,6.0
2026-06-01,2026,vietnam-260601.osm.pbf,An Lợi Đông,religious_premises,2.0
2026-06-01,2026,vietnam-260601.osm.pbf,Linh Trung,road_km,327.912
2026-06-01,2026,vietnam-260601.osm.pbf,Cát Lái,road_km,230.974
2026-06-01,2026,vietnam-260601.osm.pbf,Phước Bình,road_km,39.628
2026-06-01,2026,vietnam-260601.osm.pbf,Hiệp Phú,road_km,100.5
2026-06-01,2026,vietnam-260601.osm.pbf,Long Phước,road_km,241.37
2026-06-01,2026,vietnam-260601.osm.pbf,Bình Thọ,road_km,51.414
2026-06-01,2026,vietnam-260601.osm.pbf,Linh Xuân,road_km,165.814
2026-06-01,2026,vietnam-260601.osm.pbf,An Khánh,road_km,124.428
2026-06-01,2026,vietnam-260601.osm.pbf,Tăng Nhơn Phú A,road_km,149.758
2026-06-01,2026,vietnam-260601.osm.pbf,Linh Chiểu,road_km,65.299
2026-06-01,2026,vietnam-260601.osm.pbf,Long Bình,road_km,384.617
2026-06-01,2026,vietnam-260601.osm.pbf,An Phú,road_km,338.277
2026-06-01,2026,vietnam-260601.osm.pbf,Thảo Điền,road_km,129.255
2026-06-01,2026,vietnam-260601.osm.pbf,Linh Tây,road_km,66.614
2026-06-01,2026,vietnam-260601.osm.pbf,Trường Thạnh,road_km,249.295
2026-06-01,2026,vietnam-260601.osm.pbf,Bình Trưng Đông,road_km,112.807
2026-06-01,2026,vietnam-260601.osm.pbf,Long Thạnh Mỹ,road_km,297.3
2026-06-01,2026,vietnam-260601.osm.pbf,Tân Phú,road_km,175.364
2026-06-01,2026,vietnam-260601.osm.pbf,Linh Đông,road_km,121.336
2026-06-01,2026,vietnam-260601.osm.pbf,Tăng Nhơn Phú B,road_km,186.571
2026-06-01,2026,vietnam-260601.osm.pbf,Hiệp Bình Chánh,road_km,287.337
2026-06-01,2026,vietnam-260601.osm.pbf,Tam Phú,road_km,98.879
2026-06-01,2026,vietnam-260601.osm.pbf,Bình Chiểu,road_km,204.221
2026-06-01,2026,vietnam-260601.osm.pbf,Phước Long B,road_km,250.785
2026-06-01,2026,vietnam-260601.osm.pbf,Phước Long A,road_km,103.277
2026-06-01,2026,vietnam-260601.osm.pbf,Tam Bình,road_km,96.281
2026-06-01,2026,vietnam-260601.osm.pbf,Phú Hữu,road_km,381.701
2026-06-01,2026,vietnam-260601.osm.pbf,Trường Thọ,road_km,183.436
2026-06-01,2026,vietnam-260601.osm.pbf,Thạnh Mỹ Lợi,road_km,290.16
2026-06-01,2026,vietnam-260601.osm.pbf,Hiệp Bình Phước,road_km,293.454
2026-06-01,2026,vietnam-260601.osm.pbf,Long Trường,road_km,198.097
2026-06-01,2026,vietnam-260601.osm.pbf,Bình Trưng Tây,road_km,78.293
2026-06-01,2026,vietnam-260601.osm.pbf,An Lợi Đông,road_km,67.333
2026-06-01,2026,vietnam-260601.osm.pbf,Thủ Thiêm,road_km,77.002
2026-07-01,2026,vietnam-260701.osm.pbf,Hiệp Phú,food_outlet,22.0
2026-07-01,2026,vietnam-260701.osm.pbf,Linh Đông,food_outlet,12.0
2026-07-01,2026,vietnam-260701.osm.pbf,An Khánh,food_outlet,36.0
2026-07-01,2026,vietnam-260701.osm.pbf,An Phú,food_outlet,116.0
2026-07-01,2026,vietnam-260701.osm.pbf,Trường Thọ,food_outlet,12.0
2026-07-01,2026,vietnam-260701.osm.pbf,Bình Thọ,food_outlet,74.0
2026-07-01,2026,vietnam-260701.osm.pbf,Bình Trưng Đông,education,16.0
2026-07-01,2026,vietnam-260701.osm.pbf,Long Trường,education,8.0
2026-07-01,2026,vietnam-260701.osm.pbf,An Phú,shop,102.0
2026-07-01,2026,vietnam-260701.osm.pbf,Thảo Điền,food_outlet,256.0
2026-07-01,2026,vietnam-260701.osm.pbf,Thảo Điền,shop,162.0
2026-07-01,2026,vietnam-260701.osm.pbf,Trường Thạnh,food_outlet,6.0
2026-07-01,2026,vietnam-260701.osm.pbf,Bình Trưng Tây,shop,52.0
2026-07-01,2026,vietnam-260701.osm.pbf,Phú Hữu,education,4.0
2026-07-01,2026,vietnam-260701.osm.pbf,Tăng Nhơn Phú B,marketplace,2.0
2026-07-01,2026,vietnam-260701.osm.pbf,Tăng Nhơn Phú B,religious_premises,10.0
2026-07-01,2026,vietnam-260701.osm.pbf,An Khánh,marketplace,8.0
2026-07-01,2026,vietnam-260701.osm.pbf,Bình Thọ,education,36.0
2026-07-01,2026,vietnam-260701.osm.pbf,Linh Chiểu,food_outlet,32.0
2026-07-01,2026,vietnam-260701.osm.pbf,Bình Trưng Đông,food_outlet,6.0
2026-07-01,2026,vietnam-260701.osm.pbf,Bình Thọ,shop,78.0
2026-07-01,2026,vietnam-260701.osm.pbf,Linh Chiểu,shop,48.0
2026-07-01,2026,vietnam-260701.osm.pbf,Bình Thọ,health,12.0
2026-07-01,2026,vietnam-260701.osm.pbf,Linh Chiểu,health,6.0
2026-07-01,2026,vietnam-260701.osm.pbf,Linh Trung,education,30.0
2026-07-01,2026,vietnam-260701.osm.pbf,Linh Trung,health,22.0
2026-07-01,2026,vietnam-260701.osm.pbf,Linh Tây,shop,54.0
2026-07-01,2026,vietnam-260701.osm.pbf,Hiệp Phú,health,4.0
2026-07-01,2026,vietnam-260701.osm.pbf,Bình Thọ,religious_premises,22.0
2026-07-01,2026,vietnam-260701.osm.pbf,Hiệp Phú,shop,60.0
2026-07-01,2026,vietnam-260701.osm.pbf,Linh Trung,food_outlet,34.0
2026-07-01,2026,vietnam-260701.osm.pbf,Linh Xuân,religious_premises,20.0
2026-07-01,2026,vietnam-260701.osm.pbf,Bình Trưng Đông,religious_premises,12.0
2026-07-01,2026,vietnam-260701.osm.pbf,Bình Trưng Đông,shop,22.0
2026-07-01,2026,vietnam-260701.osm.pbf,Bình Trưng Đông,public_space,26.0
2026-07-01,2026,vietnam-260701.osm.pbf,Linh Trung,shop,36.0
2026-07-01,2026,vietnam-260701.osm.pbf,Linh Chiểu,public_space,56.0
2026-07-01,2026,vietnam-260701.osm.pbf,Hiệp Phú,education,32.0
2026-07-01,2026,vietnam-260701.osm.pbf,Thảo Điền,education,30.0
2026-07-01,2026,vietnam-260701.osm.pbf,Linh Đông,education,10.0
2026-07-01,2026,vietnam-260701.osm.pbf,Tăng Nhơn Phú A,religious_premises,6.0
2026-07-01,2026,vietnam-260701.osm.pbf,Bình Trưng Tây,food_outlet,44.0
2026-07-01,2026,vietnam-260701.osm.pbf,Phú Hữu,food_outlet,4.0
2026-07-01,2026,vietnam-260701.osm.pbf,Hiệp Bình Chánh,food_outlet,184.0
2026-07-01,2026,vietnam-260701.osm.pbf,Tăng Nhơn Phú B,food_outlet,12.0
2026-07-01,2026,vietnam-260701.osm.pbf,Tăng Nhơn Phú B,shop,44.0
2026-07-01,2026,vietnam-260701.osm.pbf,Tăng Nhơn Phú A,shop,28.0
2026-07-01,2026,vietnam-260701.osm.pbf,Hiệp Phú,religious_premises,2.0
2026-07-01,2026,vietnam-260701.osm.pbf,Tăng Nhơn Phú B,health,4.0
2026-07-01,2026,vietnam-260701.osm.pbf,Hiệp Bình Phước,public_space,36.0
2026-07-01,2026,vietnam-260701.osm.pbf,Hiệp Bình Phước,shop,30.0
2026-07-01,2026,vietnam-260701.osm.pbf,Hiệp Bình Phước,marketplace,2.0
2026-07-01,2026,vietnam-260701.osm.pbf,Phước Long B,shop,60.0
2026-07-01,2026,vietnam-260701.osm.pbf,Long Trường,marketplace,2.0
2026-07-01,2026,vietnam-260701.osm.pbf,An Lợi Đông,public_space,26.0
2026-07-01,2026,vietnam-260701.osm.pbf,Long Phước,religious_premises,12.0
2026-07-01,2026,vietnam-260701.osm.pbf,Long Thạnh Mỹ,shop,74.0
2026-07-01,2026,vietnam-260701.osm.pbf,Trường Thạnh,shop,16.0
2026-07-01,2026,vietnam-260701.osm.pbf,Tam Phú,religious_premises,12.0
2026-07-01,2026,vietnam-260701.osm.pbf,Linh Tây,food_outlet,8.0
2026-07-01,2026,vietnam-260701.osm.pbf,An Phú,religious_premises,22.0
2026-07-01,2026,vietnam-260701.osm.pbf,Thạnh Mỹ Lợi,public_space,32.0
2026-07-01,2026,vietnam-260701.osm.pbf,An Phú,education,30.0
2026-07-01,2026,vietnam-260701.osm.pbf,Trường Thọ,shop,12.0
2026-07-01,2026,vietnam-260701.osm.pbf,Tam Phú,food_outlet,2.0
2026-07-01,2026,vietnam-260701.osm.pbf,Tam Phú,shop,12.0
2026-07-01,2026,vietnam-260701.osm.pbf,Bình Chiểu,shop,16.0
2026-07-01,2026,vietnam-260701.osm.pbf,Linh Xuân,shop,18.0
2026-07-01,2026,vietnam-260701.osm.pbf,Phước Long B,food_outlet,12.0
2026-07-01,2026,vietnam-260701.osm.pbf,An Khánh,shop,40.0
2026-07-01,2026,vietnam-260701.osm.pbf,Linh Đông,shop,20.0
2026-07-01,2026,vietnam-260701.osm.pbf,Cát Lái,education,8.0
2026-07-01,2026,vietnam-260701.osm.pbf,Hiệp Bình Chánh,shop,124.0
2026-07-01,2026,vietnam-260701.osm.pbf,Cát Lái,shop,24.0
2026-07-01,2026,vietnam-260701.osm.pbf,Linh Xuân,food_outlet,8.0
2026-07-01,2026,vietnam-260701.osm.pbf,Phước Long A,shop,20.0
2026-07-01,2026,vietnam-260701.osm.pbf,Bình Trưng Tây,health,8.0
2026-07-01,2026,vietnam-260701.osm.pbf,Linh Trung,religious_premises,10.0
2026-07-01,2026,vietnam-260701.osm.pbf,Tam Bình,religious_premises,8.0
2026-07-01,2026,vietnam-260701.osm.pbf,Bình Chiểu,marketplace,4.0
2026-07-01,2026,vietnam-260701.osm.pbf,Linh Tây,health,6.0
2026-07-01,2026,vietnam-260701.osm.pbf,Thạnh Mỹ Lợi,shop,86.0
2026-07-01,2026,vietnam-260701.osm.pbf,Phước Long A,health,2.0
2026-07-01,2026,vietnam-260701.osm.pbf,Tân Phú,food_outlet,8.0
2026-07-01,2026,vietnam-260701.osm.pbf,Bình Chiểu,religious_premises,22.0
2026-07-01,2026,vietnam-260701.osm.pbf,Tân Phú,shop,48.0
2026-07-01,2026,vietnam-260701.osm.pbf,Linh Xuân,education,20.0
2026-07-01,2026,vietnam-260701.osm.pbf,Phước Bình,shop,12.0
2026-07-01,2026,vietnam-260701.osm.pbf,Linh Đông,religious_premises,20.0
2026-07-01,2026,vietnam-260701.osm.pbf,Tăng Nhơn Phú A,food_outlet,16.0
2026-07-01,2026,vietnam-260701.osm.pbf,Tăng Nhơn Phú A,education,24.0
2026-07-01,2026,vietnam-260701.osm.pbf,Linh Chiểu,education,26.0
2026-07-01,2026,vietnam-260701.osm.pbf,Hiệp Bình Chánh,religious_premises,18.0
2026-07-01,2026,vietnam-260701.osm.pbf,Tam Bình,health,4.0
2026-07-01,2026,vietnam-260701.osm.pbf,Tam Bình,shop,6.0
2026-07-01,2026,vietnam-260701.osm.pbf,Hiệp Bình Phước,food_outlet,16.0
2026-07-01,2026,vietnam-260701.osm.pbf,Tân Phú,religious_premises,16.0
2026-07-01,2026,vietnam-260701.osm.pbf,Thạnh Mỹ Lợi,marketplace,6.0
2026-07-01,2026,vietnam-260701.osm.pbf,Cát Lái,food_outlet,4.0
2026-07-01,2026,vietnam-260701.osm.pbf,Thảo Điền,health,10.0
2026-07-01,2026,vietnam-260701.osm.pbf,Hiệp Bình Chánh,health,12.0
2026-07-01,2026,vietnam-260701.osm.pbf,Hiệp Bình Phước,health,18.0
2026-07-01,2026,vietnam-260701.osm.pbf,Long Thạnh Mỹ,education,28.0
2026-07-01,2026,vietnam-260701.osm.pbf,Long Phước,food_outlet,2.0
2026-07-01,2026,vietnam-260701.osm.pbf,An Lợi Đông,shop,20.0
2026-07-01,2026,vietnam-260701.osm.pbf,Phước Bình,health,4.0
2026-07-01,2026,vietnam-260701.osm.pbf,Phước Long A,religious_premises,12.0
2026-07-01,2026,vietnam-260701.osm.pbf,An Lợi Đông,food_outlet,12.0
2026-07-01,2026,vietnam-260701.osm.pbf,Phú Hữu,shop,18.0
2026-07-01,2026,vietnam-260701.osm.pbf,Hiệp Bình Chánh,public_space,24.0
2026-07-01,2026,vietnam-260701.osm.pbf,Thảo Điền,religious_premises,8.0
2026-07-01,2026,vietnam-260701.osm.pbf,Cát Lái,religious_premises,16.0
2026-07-01,2026,vietnam-260701.osm.pbf,Thạnh Mỹ Lợi,food_outlet,100.0
2026-07-01,2026,vietnam-260701.osm.pbf,Thạnh Mỹ Lợi,health,10.0
2026-07-01,2026,vietnam-260701.osm.pbf,Phước Bình,religious_premises,6.0
2026-07-01,2026,vietnam-260701.osm.pbf,Phước Long B,marketplace,2.0
2026-07-01,2026,vietnam-260701.osm.pbf,Linh Chiểu,religious_premises,10.0
2026-07-01,2026,vietnam-260701.osm.pbf,Linh Xuân,marketplace,2.0
2026-07-01,2026,vietnam-260701.osm.pbf,Linh Tây,education,14.0
2026-07-01,2026,vietnam-260701.osm.pbf,Phước Long A,education,12.0
2026-07-01,2026,vietnam-260701.osm.pbf,Phú Hữu,marketplace,2.0
2026-07-01,2026,vietnam-260701.osm.pbf,Tam Bình,food_outlet,2.0
2026-07-01,2026,vietnam-260701.osm.pbf,Bình Trưng Tây,religious_premises,18.0
2026-07-01,2026,vietnam-260701.osm.pbf,Phú Hữu,religious_premises,14.0
2026-07-01,2026,vietnam-260701.osm.pbf,Long Thạnh Mỹ,religious_premises,22.0
2026-07-01,2026,vietnam-260701.osm.pbf,Long Bình,religious_premises,22.0
2026-07-01,2026,vietnam-260701.osm.pbf,Long Trường,religious_premises,8.0
2026-07-01,2026,vietnam-260701.osm.pbf,Thủ Thiêm,public_space,20.0
2026-07-01,2026,vietnam-260701.osm.pbf,Long Bình,food_outlet,8.0
2026-07-01,2026,vietnam-260701.osm.pbf,Thủ Thiêm,shop,8.0
2026-07-01,2026,vietnam-260701.osm.pbf,Thủ Thiêm,food_outlet,18.0
2026-07-01,2026,vietnam-260701.osm.pbf,Long Phước,shop,18.0
2026-07-01,2026,vietnam-260701.osm.pbf,Long Bình,shop,22.0
2026-07-01,2026,vietnam-260701.osm.pbf,Phú Hữu,health,2.0
2026-07-01,2026,vietnam-260701.osm.pbf,Long Trường,shop,30.0
2026-07-01,2026,vietnam-260701.osm.pbf,Bình Trưng Đông,health,4.0
2026-07-01,2026,vietnam-260701.osm.pbf,Long Thạnh Mỹ,food_outlet,44.0
2026-07-01,2026,vietnam-260701.osm.pbf,An Phú,health,8.0
2026-07-01,2026,vietnam-260701.osm.pbf,Long Bình,education,22.0
2026-07-01,2026,vietnam-260701.osm.pbf,An Khánh,education,20.0
2026-07-01,2026,vietnam-260701.osm.pbf,Long Thạnh Mỹ,public_space,94.0
2026-07-01,2026,vietnam-260701.osm.pbf,Long Bình,public_space,112.0
2026-07-01,2026,vietnam-260701.osm.pbf,Long Thạnh Mỹ,health,10.0
2026-07-01,2026,vietnam-260701.osm.pbf,An Phú,public_space,88.0
2026-07-01,2026,vietnam-260701.osm.pbf,Phước Long A,food_outlet,6.0
2026-07-01,2026,vietnam-260701.osm.pbf,Bình Trưng Tây,public_space,22.0
2026-07-01,2026,vietnam-260701.osm.pbf,Trường Thạnh,religious_premises,8.0
2026-07-01,2026,vietnam-260701.osm.pbf,Trường Thạnh,public_space,8.0
2026-07-01,2026,vietnam-260701.osm.pbf,Thạnh Mỹ Lợi,education,16.0
2026-07-01,2026,vietnam-260701.osm.pbf,An Khánh,public_space,16.0
2026-07-01,2026,vietnam-260701.osm.pbf,Long Phước,marketplace,2.0
2026-07-01,2026,vietnam-260701.osm.pbf,Cát Lái,public_space,10.0
2026-07-01,2026,vietnam-260701.osm.pbf,Linh Trung,public_space,90.0
2026-07-01,2026,vietnam-260701.osm.pbf,Linh Tây,public_space,12.0
2026-07-01,2026,vietnam-260701.osm.pbf,Tân Phú,education,10.0
2026-07-01,2026,vietnam-260701.osm.pbf,Tân Phú,marketplace,2.0
2026-07-01,2026,vietnam-260701.osm.pbf,Tam Phú,education,10.0
2026-07-01,2026,vietnam-260701.osm.pbf,Tân Phú,public_space,10.0
2026-07-01,2026,vietnam-260701.osm.pbf,Tam Bình,marketplace,4.0
2026-07-01,2026,vietnam-260701.osm.pbf,Trường Thọ,marketplace,2.0
2026-07-01,2026,vietnam-260701.osm.pbf,Bình Thọ,public_space,10.0
2026-07-01,2026,vietnam-260701.osm.pbf,Thảo Điền,public_space,56.0
2026-07-01,2026,vietnam-260701.osm.pbf,Hiệp Bình Phước,education,22.0
2026-07-01,2026,vietnam-260701.osm.pbf,Phước Long A,public_space,8.0
2026-07-01,2026,vietnam-260701.osm.pbf,Tăng Nhơn Phú B,public_space,10.0
2026-07-01,2026,vietnam-260701.osm.pbf,Tăng Nhơn Phú A,public_space,26.0
2026-07-01,2026,vietnam-260701.osm.pbf,Phước Long B,public_space,18.0
2026-07-01,2026,vietnam-260701.osm.pbf,Phước Long B,education,12.0
2026-07-01,2026,vietnam-260701.osm.pbf,Tăng Nhơn Phú B,education,6.0
2026-07-01,2026,vietnam-260701.osm.pbf,Hiệp Phú,public_space,24.0
2026-07-01,2026,vietnam-260701.osm.pbf,Phước Bình,marketplace,2.0
2026-07-01,2026,vietnam-260701.osm.pbf,Phước Bình,education,18.0
2026-07-01,2026,vietnam-260701.osm.pbf,Linh Đông,public_space,4.0
2026-07-01,2026,vietnam-260701.osm.pbf,Tam Bình,public_space,6.0
2026-07-01,2026,vietnam-260701.osm.pbf,Bình Thọ,marketplace,2.0
2026-07-01,2026,vietnam-260701.osm.pbf,Trường Thọ,religious_premises,6.0
2026-07-01,2026,vietnam-260701.osm.pbf,Hiệp Bình Chánh,education,8.0
2026-07-01,2026,vietnam-260701.osm.pbf,Trường Thọ,public_space,8.0
2026-07-01,2026,vietnam-260701.osm.pbf,Thảo Điền,marketplace,4.0
2026-07-01,2026,vietnam-260701.osm.pbf,Thủ Thiêm,religious_premises,8.0
2026-07-01,2026,vietnam-260701.osm.pbf,Thạnh Mỹ Lợi,religious_premises,10.0
2026-07-01,2026,vietnam-260701.osm.pbf,Linh Tây,marketplace,2.0
2026-07-01,2026,vietnam-260701.osm.pbf,Trường Thọ,education,8.0
2026-07-01,2026,vietnam-260701.osm.pbf,Linh Trung,marketplace,2.0
2026-07-01,2026,vietnam-260701.osm.pbf,Bình Chiểu,public_space,2.0
2026-07-01,2026,vietnam-260701.osm.pbf,Bình Chiểu,education,12.0
2026-07-01,2026,vietnam-260701.osm.pbf,Linh Xuân,public_space,22.0
2026-07-01,2026,vietnam-260701.osm.pbf,Hiệp Bình Phước,religious_premises,6.0
2026-07-01,2026,vietnam-260701.osm.pbf,An Khánh,religious_premises,6.0
2026-07-01,2026,vietnam-260701.osm.pbf,Tăng Nhơn Phú A,health,2.0
2026-07-01,2026,vietnam-260701.osm.pbf,Tăng Nhơn Phú A,marketplace,2.0
2026-07-01,2026,vietnam-260701.osm.pbf,Hiệp Bình Chánh,marketplace,4.0
2026-07-01,2026,vietnam-260701.osm.pbf,Linh Tây,religious_premises,4.0
2026-07-01,2026,vietnam-260701.osm.pbf,Tân Phú,health,2.0
2026-07-01,2026,vietnam-260701.osm.pbf,Bình Trưng Tây,education,6.0
2026-07-01,2026,vietnam-260701.osm.pbf,Cát Lái,marketplace,2.0
2026-07-01,2026,vietnam-260701.osm.pbf,Phú Hữu,public_space,14.0
2026-07-01,2026,vietnam-260701.osm.pbf,Bình Trưng Tây,marketplace,2.0
2026-07-01,2026,vietnam-260701.osm.pbf,Phước Long B,religious_premises,4.0
2026-07-01,2026,vietnam-260701.osm.pbf,Tam Bình,education,4.0
2026-07-01,2026,vietnam-260701.osm.pbf,Tam Phú,health,2.0
2026-07-01,2026,vietnam-260701.osm.pbf,Linh Xuân,health,2.0
2026-07-01,2026,vietnam-260701.osm.pbf,Tam Phú,public_space,6.0
2026-07-01,2026,vietnam-260701.osm.pbf,Trường Thạnh,education,2.0
2026-07-01,2026,vietnam-260701.osm.pbf,Long Trường,public_space,10.0
2026-07-01,2026,vietnam-260701.osm.pbf,An Lợi Đông,education,2.0
2026-07-01,2026,vietnam-260701.osm.pbf,Cát Lái,health,2.0
2026-07-01,2026,vietnam-260701.osm.pbf,Linh Đông,health,2.0
2026-07-01,2026,vietnam-260701.osm.pbf,Phước Bình,public_space,6.0
2026-07-01,2026,vietnam-260701.osm.pbf,An Lợi Đông,religious_premises,2.0
2026-07-01,2026,vietnam-260701.osm.pbf,Linh Trung,road_km,328.15
2026-07-01,2026,vietnam-260701.osm.pbf,Cát Lái,road_km,230.974
2026-07-01,2026,vietnam-260701.osm.pbf,Phước Bình,road_km,39.628
2026-07-01,2026,vietnam-260701.osm.pbf,Hiệp Phú,road_km,100.501
2026-07-01,2026,vietnam-260701.osm.pbf,Long Phước,road_km,241.036
2026-07-01,2026,vietnam-260701.osm.pbf,Bình Thọ,road_km,51.168
2026-07-01,2026,vietnam-260701.osm.pbf,Linh Xuân,road_km,165.875
2026-07-01,2026,vietnam-260701.osm.pbf,An Khánh,road_km,124.316
2026-07-01,2026,vietnam-260701.osm.pbf,Tăng Nhơn Phú A,road_km,149.758
2026-07-01,2026,vietnam-260701.osm.pbf,Linh Chiểu,road_km,65.299
2026-07-01,2026,vietnam-260701.osm.pbf,Long Bình,road_km,384.74
2026-07-01,2026,vietnam-260701.osm.pbf,An Phú,road_km,338.184
2026-07-01,2026,vietnam-260701.osm.pbf,Thảo Điền,road_km,129.351
2026-07-01,2026,vietnam-260701.osm.pbf,Linh Tây,road_km,66.733
2026-07-01,2026,vietnam-260701.osm.pbf,Trường Thạnh,road_km,252.204
2026-07-01,2026,vietnam-260701.osm.pbf,Bình Trưng Đông,road_km,112.807
2026-07-01,2026,vietnam-260701.osm.pbf,Long Thạnh Mỹ,road_km,297.397
2026-07-01,2026,vietnam-260701.osm.pbf,Tân Phú,road_km,175.381
2026-07-01,2026,vietnam-260701.osm.pbf,Linh Đông,road_km,121.336
2026-07-01,2026,vietnam-260701.osm.pbf,Tăng Nhơn Phú B,road_km,186.571
2026-07-01,2026,vietnam-260701.osm.pbf,Hiệp Bình Chánh,road_km,287.337
2026-07-01,2026,vietnam-260701.osm.pbf,Tam Phú,road_km,98.702
2026-07-01,2026,vietnam-260701.osm.pbf,Bình Chiểu,road_km,204.221
2026-07-01,2026,vietnam-260701.osm.pbf,Phước Long B,road_km,251.306
2026-07-01,2026,vietnam-260701.osm.pbf,Phước Long A,road_km,103.084
2026-07-01,2026,vietnam-260701.osm.pbf,Tam Bình,road_km,96.281
2026-07-01,2026,vietnam-260701.osm.pbf,Phú Hữu,road_km,381.908
2026-07-01,2026,vietnam-260701.osm.pbf,Trường Thọ,road_km,183.245
2026-07-01,2026,vietnam-260701.osm.pbf,Thạnh Mỹ Lợi,road_km,290.297
2026-07-01,2026,vietnam-260701.osm.pbf,Hiệp Bình Phước,road_km,293.639
2026-07-01,2026,vietnam-260701.osm.pbf,Long Trường,road_km,198.097
2026-07-01,2026,vietnam-260701.osm.pbf,Bình Trưng Tây,road_km,77.699
2026-07-01,2026,vietnam-260701.osm.pbf,An Lợi Đông,road_km,67.33
2026-07-01,2026,vietnam-260701.osm.pbf,Thủ Thiêm,road_km,77.774
2026-08-01,2026,vietnam-260801.osm.pbf,Hiệp Phú,food_outlet,22.0
2026-08-01,2026,vietnam-260801.osm.pbf,Linh Đông,food_outlet,12.0
2026-08-01,2026,vietnam-260801.osm.pbf,An Khánh,food_outlet,36.0
2026-08-01,2026,vietnam-260801.osm.pbf,An Phú,food_outlet,116.0
2026-08-01,2026,vietnam-260801.osm.pbf,Trường Thọ,food_outlet,12.0
2026-08-01,2026,vietnam-260801.osm.pbf,Bình Thọ,food_outlet,74.0
2026-08-01,2026,vietnam-260801.osm.pbf,Bình Trưng Đông,education,16.0
2026-08-01,2026,vietnam-260801.osm.pbf,Long Trường,education,8.0
2026-08-01,2026,vietnam-260801.osm.pbf,An Phú,shop,102.0
2026-08-01,2026,vietnam-260801.osm.pbf,Thảo Điền,food_outlet,262.0
2026-08-01,2026,vietnam-260801.osm.pbf,Thảo Điền,shop,162.0
2026-08-01,2026,vietnam-260801.osm.pbf,Trường Thạnh,food_outlet,6.0
2026-08-01,2026,vietnam-260801.osm.pbf,Bình Trưng Tây,shop,52.0
2026-08-01,2026,vietnam-260801.osm.pbf,Phú Hữu,education,4.0
2026-08-01,2026,vietnam-260801.osm.pbf,Tăng Nhơn Phú B,marketplace,2.0
2026-08-01,2026,vietnam-260801.osm.pbf,Tăng Nhơn Phú B,religious_premises,10.0
2026-08-01,2026,vietnam-260801.osm.pbf,An Khánh,marketplace,8.0
2026-08-01,2026,vietnam-260801.osm.pbf,Bình Thọ,education,36.0
2026-08-01,2026,vietnam-260801.osm.pbf,Linh Chiểu,food_outlet,32.0
2026-08-01,2026,vietnam-260801.osm.pbf,Bình Trưng Đông,food_outlet,6.0
2026-08-01,2026,vietnam-260801.osm.pbf,Bình Thọ,shop,78.0
2026-08-01,2026,vietnam-260801.osm.pbf,Linh Chiểu,shop,48.0
2026-08-01,2026,vietnam-260801.osm.pbf,Bình Thọ,health,12.0
2026-08-01,2026,vietnam-260801.osm.pbf,Linh Chiểu,health,6.0
2026-08-01,2026,vietnam-260801.osm.pbf,Linh Trung,education,30.0
2026-08-01,2026,vietnam-260801.osm.pbf,Linh Trung,health,22.0
2026-08-01,2026,vietnam-260801.osm.pbf,Linh Tây,shop,54.0
2026-08-01,2026,vietnam-260801.osm.pbf,Hiệp Phú,health,4.0
2026-08-01,2026,vietnam-260801.osm.pbf,Bình Thọ,religious_premises,22.0
2026-08-01,2026,vietnam-260801.osm.pbf,Hiệp Phú,shop,60.0
2026-08-01,2026,vietnam-260801.osm.pbf,Linh Trung,food_outlet,34.0
2026-08-01,2026,vietnam-260801.osm.pbf,Linh Xuân,religious_premises,20.0
2026-08-01,2026,vietnam-260801.osm.pbf,Bình Trưng Đông,religious_premises,12.0
2026-08-01,2026,vietnam-260801.osm.pbf,Bình Trưng Đông,shop,24.0
2026-08-01,2026,vietnam-260801.osm.pbf,Bình Trưng Đông,public_space,26.0
2026-08-01,2026,vietnam-260801.osm.pbf,Linh Trung,shop,36.0
2026-08-01,2026,vietnam-260801.osm.pbf,Linh Chiểu,public_space,70.0
2026-08-01,2026,vietnam-260801.osm.pbf,Hiệp Phú,education,32.0
2026-08-01,2026,vietnam-260801.osm.pbf,Thảo Điền,education,30.0
2026-08-01,2026,vietnam-260801.osm.pbf,Linh Đông,education,10.0
2026-08-01,2026,vietnam-260801.osm.pbf,Tăng Nhơn Phú A,religious_premises,6.0
2026-08-01,2026,vietnam-260801.osm.pbf,Bình Trưng Tây,food_outlet,44.0
2026-08-01,2026,vietnam-260801.osm.pbf,Phú Hữu,food_outlet,4.0
2026-08-01,2026,vietnam-260801.osm.pbf,Hiệp Bình Chánh,food_outlet,170.0
2026-08-01,2026,vietnam-260801.osm.pbf,Tăng Nhơn Phú B,food_outlet,12.0
2026-08-01,2026,vietnam-260801.osm.pbf,Tăng Nhơn Phú B,shop,44.0
2026-08-01,2026,vietnam-260801.osm.pbf,Tăng Nhơn Phú A,shop,28.0
2026-08-01,2026,vietnam-260801.osm.pbf,Hiệp Phú,religious_premises,2.0
2026-08-01,2026,vietnam-260801.osm.pbf,Tăng Nhơn Phú B,health,4.0
2026-08-01,2026,vietnam-260801.osm.pbf,Hiệp Bình Phước,public_space,36.0
2026-08-01,2026,vietnam-260801.osm.pbf,Hiệp Bình Phước,shop,26.0
2026-08-01,2026,vietnam-260801.osm.pbf,Hiệp Bình Phước,marketplace,2.0
2026-08-01,2026,vietnam-260801.osm.pbf,Phước Long B,shop,58.0
2026-08-01,2026,vietnam-260801.osm.pbf,Long Trường,marketplace,2.0
2026-08-01,2026,vietnam-260801.osm.pbf,An Lợi Đông,public_space,26.0
2026-08-01,2026,vietnam-260801.osm.pbf,Long Phước,religious_premises,12.0
2026-08-01,2026,vietnam-260801.osm.pbf,Long Thạnh Mỹ,shop,74.0
2026-08-01,2026,vietnam-260801.osm.pbf,Trường Thạnh,shop,16.0
2026-08-01,2026,vietnam-260801.osm.pbf,Tam Phú,religious_premises,12.0
2026-08-01,2026,vietnam-260801.osm.pbf,Linh Tây,food_outlet,8.0
2026-08-01,2026,vietnam-260801.osm.pbf,An Phú,religious_premises,22.0
2026-08-01,2026,vietnam-260801.osm.pbf,Thạnh Mỹ Lợi,public_space,32.0
2026-08-01,2026,vietnam-260801.osm.pbf,An Phú,education,30.0
2026-08-01,2026,vietnam-260801.osm.pbf,Trường Thọ,shop,12.0
2026-08-01,2026,vietnam-260801.osm.pbf,Tam Phú,food_outlet,2.0
2026-08-01,2026,vietnam-260801.osm.pbf,Tam Phú,shop,12.0
2026-08-01,2026,vietnam-260801.osm.pbf,Bình Chiểu,shop,16.0
2026-08-01,2026,vietnam-260801.osm.pbf,Linh Xuân,shop,18.0
2026-08-01,2026,vietnam-260801.osm.pbf,Phước Long B,food_outlet,12.0
2026-08-01,2026,vietnam-260801.osm.pbf,An Khánh,shop,32.0
2026-08-01,2026,vietnam-260801.osm.pbf,Linh Đông,shop,20.0
2026-08-01,2026,vietnam-260801.osm.pbf,Cát Lái,education,8.0
2026-08-01,2026,vietnam-260801.osm.pbf,Hiệp Bình Chánh,shop,118.0
2026-08-01,2026,vietnam-260801.osm.pbf,Cát Lái,shop,24.0
2026-08-01,2026,vietnam-260801.osm.pbf,Linh Xuân,food_outlet,8.0
2026-08-01,2026,vietnam-260801.osm.pbf,Phước Long A,shop,20.0
2026-08-01,2026,vietnam-260801.osm.pbf,Bình Trưng Tây,health,8.0
2026-08-01,2026,vietnam-260801.osm.pbf,Linh Trung,religious_premises,10.0
2026-08-01,2026,vietnam-260801.osm.pbf,Tam Bình,religious_premises,8.0
2026-08-01,2026,vietnam-260801.osm.pbf,Bình Chiểu,marketplace,4.0
2026-08-01,2026,vietnam-260801.osm.pbf,Linh Tây,health,6.0
2026-08-01,2026,vietnam-260801.osm.pbf,Thạnh Mỹ Lợi,shop,86.0
2026-08-01,2026,vietnam-260801.osm.pbf,Phước Long A,health,2.0
2026-08-01,2026,vietnam-260801.osm.pbf,Tân Phú,food_outlet,8.0
2026-08-01,2026,vietnam-260801.osm.pbf,Bình Chiểu,religious_premises,22.0
2026-08-01,2026,vietnam-260801.osm.pbf,Tân Phú,shop,48.0
2026-08-01,2026,vietnam-260801.osm.pbf,Linh Xuân,education,20.0
2026-08-01,2026,vietnam-260801.osm.pbf,Phước Bình,shop,12.0
2026-08-01,2026,vietnam-260801.osm.pbf,Linh Đông,religious_premises,20.0
2026-08-01,2026,vietnam-260801.osm.pbf,Tăng Nhơn Phú A,food_outlet,16.0
2026-08-01,2026,vietnam-260801.osm.pbf,Tăng Nhơn Phú A,education,24.0
2026-08-01,2026,vietnam-260801.osm.pbf,Linh Chiểu,education,24.0
2026-08-01,2026,vietnam-260801.osm.pbf,Hiệp Bình Chánh,religious_premises,18.0
2026-08-01,2026,vietnam-260801.osm.pbf,Tam Bình,health,4.0
2026-08-01,2026,vietnam-260801.osm.pbf,Tam Bình,shop,6.0
2026-08-01,2026,vietnam-260801.osm.pbf,Hiệp Bình Phước,food_outlet,16.0
2026-08-01,2026,vietnam-260801.osm.pbf,Tân Phú,religious_premises,16.0
2026-08-01,2026,vietnam-260801.osm.pbf,Thạnh Mỹ Lợi,marketplace,6.0
2026-08-01,2026,vietnam-260801.osm.pbf,Cát Lái,food_outlet,4.0
2026-08-01,2026,vietnam-260801.osm.pbf,Thảo Điền,health,10.0
2026-08-01,2026,vietnam-260801.osm.pbf,Hiệp Bình Chánh,health,12.0
2026-08-01,2026,vietnam-260801.osm.pbf,Hiệp Bình Phước,health,18.0
2026-08-01,2026,vietnam-260801.osm.pbf,Long Thạnh Mỹ,education,28.0
2026-08-01,2026,vietnam-260801.osm.pbf,Long Phước,food_outlet,2.0
2026-08-01,2026,vietnam-260801.osm.pbf,An Lợi Đông,shop,20.0
2026-08-01,2026,vietnam-260801.osm.pbf,Phước Bình,health,4.0
2026-08-01,2026,vietnam-260801.osm.pbf,Phước Long A,religious_premises,12.0
2026-08-01,2026,vietnam-260801.osm.pbf,An Lợi Đông,food_outlet,12.0
2026-08-01,2026,vietnam-260801.osm.pbf,Phú Hữu,shop,18.0
2026-08-01,2026,vietnam-260801.osm.pbf,Hiệp Bình Chánh,public_space,24.0
2026-08-01,2026,vietnam-260801.osm.pbf,Thảo Điền,religious_premises,8.0
2026-08-01,2026,vietnam-260801.osm.pbf,Cát Lái,religious_premises,16.0
2026-08-01,2026,vietnam-260801.osm.pbf,Thạnh Mỹ Lợi,food_outlet,100.0
2026-08-01,2026,vietnam-260801.osm.pbf,Thạnh Mỹ Lợi,health,10.0
2026-08-01,2026,vietnam-260801.osm.pbf,Phước Bình,religious_premises,6.0
2026-08-01,2026,vietnam-260801.osm.pbf,Phước Long B,marketplace,2.0
2026-08-01,2026,vietnam-260801.osm.pbf,Linh Xuân,marketplace,2.0
2026-08-01,2026,vietnam-260801.osm.pbf,Linh Tây,education,14.0
2026-08-01,2026,vietnam-260801.osm.pbf,Phước Long A,education,12.0
2026-08-01,2026,vietnam-260801.osm.pbf,Phú Hữu,marketplace,2.0
2026-08-01,2026,vietnam-260801.osm.pbf,Tam Bình,food_outlet,2.0
2026-08-01,2026,vietnam-260801.osm.pbf,Bình Trưng Tây,religious_premises,18.0
2026-08-01,2026,vietnam-260801.osm.pbf,Phú Hữu,religious_premises,14.0
2026-08-01,2026,vietnam-260801.osm.pbf,Long Thạnh Mỹ,religious_premises,22.0
2026-08-01,2026,vietnam-260801.osm.pbf,Long Bình,religious_premises,22.0
2026-08-01,2026,vietnam-260801.osm.pbf,Long Trường,religious_premises,8.0
2026-08-01,2026,vietnam-260801.osm.pbf,Thủ Thiêm,public_space,22.0
2026-08-01,2026,vietnam-260801.osm.pbf,Long Bình,food_outlet,8.0
2026-08-01,2026,vietnam-260801.osm.pbf,Thủ Thiêm,shop,8.0
2026-08-01,2026,vietnam-260801.osm.pbf,Thủ Thiêm,food_outlet,18.0
2026-08-01,2026,vietnam-260801.osm.pbf,Long Phước,shop,18.0
2026-08-01,2026,vietnam-260801.osm.pbf,Long Bình,shop,22.0
2026-08-01,2026,vietnam-260801.osm.pbf,Phú Hữu,health,2.0
2026-08-01,2026,vietnam-260801.osm.pbf,Long Trường,shop,30.0
2026-08-01,2026,vietnam-260801.osm.pbf,Bình Trưng Đông,health,4.0
2026-08-01,2026,vietnam-260801.osm.pbf,Long Thạnh Mỹ,food_outlet,44.0
2026-08-01,2026,vietnam-260801.osm.pbf,An Phú,health,8.0
2026-08-01,2026,vietnam-260801.osm.pbf,Long Bình,education,22.0
2026-08-01,2026,vietnam-260801.osm.pbf,An Khánh,education,20.0
2026-08-01,2026,vietnam-260801.osm.pbf,Long Thạnh Mỹ,public_space,94.0
2026-08-01,2026,vietnam-260801.osm.pbf,Long Bình,public_space,112.0
2026-08-01,2026,vietnam-260801.osm.pbf,Long Thạnh Mỹ,health,10.0
2026-08-01,2026,vietnam-260801.osm.pbf,An Phú,public_space,88.0
2026-08-01,2026,vietnam-260801.osm.pbf,Phước Long A,food_outlet,6.0
2026-08-01,2026,vietnam-260801.osm.pbf,Bình Trưng Tây,public_space,22.0
2026-08-01,2026,vietnam-260801.osm.pbf,Trường Thạnh,religious_premises,8.0
2026-08-01,2026,vietnam-260801.osm.pbf,Trường Thạnh,public_space,8.0
2026-08-01,2026,vietnam-260801.osm.pbf,Thạnh Mỹ Lợi,education,16.0
2026-08-01,2026,vietnam-260801.osm.pbf,An Khánh,public_space,16.0
2026-08-01,2026,vietnam-260801.osm.pbf,Long Phước,marketplace,2.0
2026-08-01,2026,vietnam-260801.osm.pbf,Cát Lái,public_space,10.0
2026-08-01,2026,vietnam-260801.osm.pbf,Linh Trung,public_space,90.0
2026-08-01,2026,vietnam-260801.osm.pbf,Linh Tây,public_space,12.0
2026-08-01,2026,vietnam-260801.osm.pbf,Tân Phú,education,10.0
2026-08-01,2026,vietnam-260801.osm.pbf,Tân Phú,marketplace,2.0
2026-08-01,2026,vietnam-260801.osm.pbf,Tam Phú,education,10.0
2026-08-01,2026,vietnam-260801.osm.pbf,Tân Phú,public_space,10.0
2026-08-01,2026,vietnam-260801.osm.pbf,Tam Bình,marketplace,4.0
2026-08-01,2026,vietnam-260801.osm.pbf,Trường Thọ,marketplace,2.0
2026-08-01,2026,vietnam-260801.osm.pbf,Bình Thọ,public_space,10.0
2026-08-01,2026,vietnam-260801.osm.pbf,Thảo Điền,public_space,56.0
2026-08-01,2026,vietnam-260801.osm.pbf,Hiệp Bình Phước,education,22.0
2026-08-01,2026,vietnam-260801.osm.pbf,Phước Long A,public_space,8.0
2026-08-01,2026,vietnam-260801.osm.pbf,Tăng Nhơn Phú B,public_space,10.0
2026-08-01,2026,vietnam-260801.osm.pbf,Tăng Nhơn Phú A,public_space,26.0
2026-08-01,2026,vietnam-260801.osm.pbf,Phước Long B,public_space,18.0
2026-08-01,2026,vietnam-260801.osm.pbf,Phước Long B,education,12.0
2026-08-01,2026,vietnam-260801.osm.pbf,Tăng Nhơn Phú B,education,6.0
2026-08-01,2026,vietnam-260801.osm.pbf,Linh Chiểu,religious_premises,8.0
2026-08-01,2026,vietnam-260801.osm.pbf,Hiệp Phú,public_space,24.0
2026-08-01,2026,vietnam-260801.osm.pbf,Phước Bình,marketplace,2.0
2026-08-01,2026,vietnam-260801.osm.pbf,Phước Bình,education,18.0
2026-08-01,2026,vietnam-260801.osm.pbf,Linh Đông,public_space,4.0
2026-08-01,2026,vietnam-260801.osm.pbf,Tam Bình,public_space,4.0
2026-08-01,2026,vietnam-260801.osm.pbf,Bình Thọ,marketplace,2.0
2026-08-01,2026,vietnam-260801.osm.pbf,Trường Thọ,religious_premises,6.0
2026-08-01,2026,vietnam-260801.osm.pbf,Hiệp Bình Chánh,education,8.0
2026-08-01,2026,vietnam-260801.osm.pbf,Trường Thọ,public_space,8.0
2026-08-01,2026,vietnam-260801.osm.pbf,Thảo Điền,marketplace,4.0
2026-08-01,2026,vietnam-260801.osm.pbf,Thủ Thiêm,religious_premises,8.0
2026-08-01,2026,vietnam-260801.osm.pbf,Thạnh Mỹ Lợi,religious_premises,10.0
2026-08-01,2026,vietnam-260801.osm.pbf,Linh Tây,marketplace,2.0
2026-08-01,2026,vietnam-260801.osm.pbf,Trường Thọ,education,8.0
2026-08-01,2026,vietnam-260801.osm.pbf,Linh Trung,marketplace,2.0
2026-08-01,2026,vietnam-260801.osm.pbf,Bình Chiểu,public_space,2.0
2026-08-01,2026,vietnam-260801.osm.pbf,Bình Chiểu,education,12.0
2026-08-01,2026,vietnam-260801.osm.pbf,Linh Xuân,public_space,22.0
2026-08-01,2026,vietnam-260801.osm.pbf,Hiệp Bình Phước,religious_premises,6.0
2026-08-01,2026,vietnam-260801.osm.pbf,An Khánh,religious_premises,6.0
2026-08-01,2026,vietnam-260801.osm.pbf,Tăng Nhơn Phú A,health,2.0
2026-08-01,2026,vietnam-260801.osm.pbf,Tăng Nhơn Phú A,marketplace,2.0
2026-08-01,2026,vietnam-260801.osm.pbf,Hiệp Bình Chánh,marketplace,4.0
2026-08-01,2026,vietnam-260801.osm.pbf,Linh Tây,religious_premises,4.0
2026-08-01,2026,vietnam-260801.osm.pbf,Tân Phú,health,2.0
2026-08-01,2026,vietnam-260801.osm.pbf,Bình Trưng Tây,education,6.0
2026-08-01,2026,vietnam-260801.osm.pbf,Cát Lái,marketplace,2.0
2026-08-01,2026,vietnam-260801.osm.pbf,Phú Hữu,public_space,14.0
2026-08-01,2026,vietnam-260801.osm.pbf,Bình Trưng Tây,marketplace,2.0
2026-08-01,2026,vietnam-260801.osm.pbf,Phước Long B,religious_premises,4.0
2026-08-01,2026,vietnam-260801.osm.pbf,Tam Bình,education,4.0
2026-08-01,2026,vietnam-260801.osm.pbf,Tam Phú,health,2.0
2026-08-01,2026,vietnam-260801.osm.pbf,Linh Xuân,health,2.0
2026-08-01,2026,vietnam-260801.osm.pbf,Tam Phú,public_space,6.0
2026-08-01,2026,vietnam-260801.osm.pbf,Trường Thạnh,education,2.0
2026-08-01,2026,vietnam-260801.osm.pbf,Long Trường,public_space,10.0
2026-08-01,2026,vietnam-260801.osm.pbf,An Lợi Đông,education,2.0
2026-08-01,2026,vietnam-260801.osm.pbf,Cát Lái,health,2.0
2026-08-01,2026,vietnam-260801.osm.pbf,Linh Đông,health,2.0
2026-08-01,2026,vietnam-260801.osm.pbf,Phước Bình,public_space,6.0
2026-08-01,2026,vietnam-260801.osm.pbf,An Lợi Đông,religious_premises,2.0
2026-08-01,2026,vietnam-260801.osm.pbf,Linh Trung,road_km,328.311
2026-08-01,2026,vietnam-260801.osm.pbf,Cát Lái,road_km,232.799
2026-08-01,2026,vietnam-260801.osm.pbf,Phước Bình,road_km,39.628
2026-08-01,2026,vietnam-260801.osm.pbf,Hiệp Phú,road_km,100.501
2026-08-01,2026,vietnam-260801.osm.pbf,Long Phước,road_km,248.207
2026-08-01,2026,vietnam-260801.osm.pbf,Bình Thọ,road_km,51.162
2026-08-01,2026,vietnam-260801.osm.pbf,Linh Xuân,road_km,165.875
2026-08-01,2026,vietnam-260801.osm.pbf,An Khánh,road_km,124.622
2026-08-01,2026,vietnam-260801.osm.pbf,Tăng Nhơn Phú A,road_km,149.762
2026-08-01,2026,vietnam-260801.osm.pbf,Linh Chiểu,road_km,64.915
2026-08-01,2026,vietnam-260801.osm.pbf,Long Bình,road_km,384.856
2026-08-01,2026,vietnam-260801.osm.pbf,An Phú,road_km,338.31
2026-08-01,2026,vietnam-260801.osm.pbf,Thảo Điền,road_km,129.629
2026-08-01,2026,vietnam-260801.osm.pbf,Linh Tây,road_km,66.673
2026-08-01,2026,vietnam-260801.osm.pbf,Trường Thạnh,road_km,254.401
2026-08-01,2026,vietnam-260801.osm.pbf,Bình Trưng Đông,road_km,112.807
2026-08-01,2026,vietnam-260801.osm.pbf,Long Thạnh Mỹ,road_km,305.254
2026-08-01,2026,vietnam-260801.osm.pbf,Tân Phú,road_km,175.381
2026-08-01,2026,vietnam-260801.osm.pbf,Linh Đông,road_km,122.078
2026-08-01,2026,vietnam-260801.osm.pbf,Tăng Nhơn Phú B,road_km,186.685
2026-08-01,2026,vietnam-260801.osm.pbf,Hiệp Bình Chánh,road_km,287.348
2026-08-01,2026,vietnam-260801.osm.pbf,Tam Phú,road_km,98.155
2026-08-01,2026,vietnam-260801.osm.pbf,Bình Chiểu,road_km,204.254
2026-08-01,2026,vietnam-260801.osm.pbf,Phước Long B,road_km,251.306
2026-08-01,2026,vietnam-260801.osm.pbf,Phước Long A,road_km,102.819
2026-08-01,2026,vietnam-260801.osm.pbf,Tam Bình,road_km,96.115
2026-08-01,2026,vietnam-260801.osm.pbf,Phú Hữu,road_km,381.454
2026-08-01,2026,vietnam-260801.osm.pbf,Trường Thọ,road_km,183.543
2026-08-01,2026,vietnam-260801.osm.pbf,Thạnh Mỹ Lợi,road_km,290.297
2026-08-01,2026,vietnam-260801.osm.pbf,Hiệp Bình Phước,road_km,293.393
2026-08-01,2026,vietnam-260801.osm.pbf,Long Trường,road_km,199.174
2026-08-01,2026,vietnam-260801.osm.pbf,Bình Trưng Tây,road_km,78.017
2026-08-01,2026,vietnam-260801.osm.pbf,An Lợi Đông,road_km,67.33
2026-08-01,2026,vietnam-260801.osm.pbf,Thủ Thiêm,road_km,78.242
2026-08-18,2026,vietnam-260818.osm.pbf,Hiệp Phú,food_outlet,22.0
2026-08-18,2026,vietnam-260818.osm.pbf,Linh Đông,food_outlet,12.0
2026-08-18,2026,vietnam-260818.osm.pbf,An Khánh,food_outlet,36.0
2026-08-18,2026,vietnam-260818.osm.pbf,An Phú,food_outlet,118.0
2026-08-18,2026,vietnam-260818.osm.pbf,Trường Thọ,food_outlet,12.0
2026-08-18,2026,vietnam-260818.osm.pbf,Bình Thọ,food_outlet,74.0
2026-08-18,2026,vietnam-260818.osm.pbf,Bình Trưng Đông,education,16.0
2026-08-18,2026,vietnam-260818.osm.pbf,Long Trường,education,8.0
2026-08-18,2026,vietnam-260818.osm.pbf,An Phú,shop,102.0
2026-08-18,2026,vietnam-260818.osm.pbf,Thảo Điền,food_outlet,262.0
2026-08-18,2026,vietnam-260818.osm.pbf,Thảo Điền,shop,160.0
2026-08-18,2026,vietnam-260818.osm.pbf,Trường Thạnh,food_outlet,6.0
2026-08-18,2026,vietnam-260818.osm.pbf,Bình Trưng Tây,shop,52.0
2026-08-18,2026,vietnam-260818.osm.pbf,Phú Hữu,education,6.0
2026-08-18,2026,vietnam-260818.osm.pbf,Tăng Nhơn Phú B,marketplace,2.0
2026-08-18,2026,vietnam-260818.osm.pbf,Tăng Nhơn Phú B,religious_premises,10.0
2026-08-18,2026,vietnam-260818.osm.pbf,An Khánh,marketplace,8.0
2026-08-18,2026,vietnam-260818.osm.pbf,Bình Thọ,education,36.0
2026-08-18,2026,vietnam-260818.osm.pbf,Linh Chiểu,food_outlet,32.0
2026-08-18,2026,vietnam-260818.osm.pbf,Bình Trưng Đông,food_outlet,6.0
2026-08-18,2026,vietnam-260818.osm.pbf,Bình Thọ,shop,78.0
2026-08-18,2026,vietnam-260818.osm.pbf,Linh Chiểu,shop,48.0
2026-08-18,2026,vietnam-260818.osm.pbf,Bình Thọ,health,12.0
2026-08-18,2026,vietnam-260818.osm.pbf,Linh Chiểu,health,6.0
2026-08-18,2026,vietnam-260818.osm.pbf,Linh Trung,education,30.0
2026-08-18,2026,vietnam-260818.osm.pbf,Linh Trung,health,22.0
2026-08-18,2026,vietnam-260818.osm.pbf,Linh Tây,shop,54.0
2026-08-18,2026,vietnam-260818.osm.pbf,Hiệp Phú,health,4.0
2026-08-18,2026,vietnam-260818.osm.pbf,Bình Thọ,religious_premises,22.0
2026-08-18,2026,vietnam-260818.osm.pbf,Hiệp Phú,shop,54.0
2026-08-18,2026,vietnam-260818.osm.pbf,Linh Trung,food_outlet,34.0
2026-08-18,2026,vietnam-260818.osm.pbf,Linh Xuân,religious_premises,20.0
2026-08-18,2026,vietnam-260818.osm.pbf,Bình Trưng Đông,religious_premises,12.0
2026-08-18,2026,vietnam-260818.osm.pbf,Bình Trưng Đông,shop,24.0
2026-08-18,2026,vietnam-260818.osm.pbf,Bình Trưng Đông,public_space,26.0
2026-08-18,2026,vietnam-260818.osm.pbf,Linh Trung,shop,36.0
2026-08-18,2026,vietnam-260818.osm.pbf,Linh Chiểu,public_space,70.0
2026-08-18,2026,vietnam-260818.osm.pbf,Thảo Điền,education,30.0
2026-08-18,2026,vietnam-260818.osm.pbf,Linh Đông,education,10.0
2026-08-18,2026,vietnam-260818.osm.pbf,Tăng Nhơn Phú A,religious_premises,6.0
2026-08-18,2026,vietnam-260818.osm.pbf,Bình Trưng Tây,food_outlet,44.0
2026-08-18,2026,vietnam-260818.osm.pbf,Phú Hữu,food_outlet,6.0
2026-08-18,2026,vietnam-260818.osm.pbf,Hiệp Bình Chánh,food_outlet,170.0
2026-08-18,2026,vietnam-260818.osm.pbf,Tăng Nhơn Phú B,food_outlet,12.0
2026-08-18,2026,vietnam-260818.osm.pbf,Tăng Nhơn Phú B,shop,44.0
2026-08-18,2026,vietnam-260818.osm.pbf,Tăng Nhơn Phú A,shop,28.0
2026-08-18,2026,vietnam-260818.osm.pbf,Hiệp Phú,religious_premises,2.0
2026-08-18,2026,vietnam-260818.osm.pbf,Tăng Nhơn Phú B,health,4.0
2026-08-18,2026,vietnam-260818.osm.pbf,Hiệp Bình Phước,public_space,36.0
2026-08-18,2026,vietnam-260818.osm.pbf,Hiệp Bình Phước,shop,26.0
2026-08-18,2026,vietnam-260818.osm.pbf,Hiệp Bình Phước,marketplace,2.0
2026-08-18,2026,vietnam-260818.osm.pbf,Phước Long B,shop,58.0
2026-08-18,2026,vietnam-260818.osm.pbf,Long Trường,marketplace,2.0
2026-08-18,2026,vietnam-260818.osm.pbf,An Lợi Đông,public_space,26.0
2026-08-18,2026,vietnam-260818.osm.pbf,Long Phước,religious_premises,12.0
2026-08-18,2026,vietnam-260818.osm.pbf,Long Thạnh Mỹ,shop,74.0
2026-08-18,2026,vietnam-260818.osm.pbf,Trường Thạnh,shop,10.0
2026-08-18,2026,vietnam-260818.osm.pbf,Tam Phú,religious_premises,12.0
2026-08-18,2026,vietnam-260818.osm.pbf,Linh Tây,food_outlet,8.0
2026-08-18,2026,vietnam-260818.osm.pbf,An Phú,religious_premises,22.0
2026-08-18,2026,vietnam-260818.osm.pbf,Thạnh Mỹ Lợi,public_space,32.0
2026-08-18,2026,vietnam-260818.osm.pbf,An Phú,education,30.0
2026-08-18,2026,vietnam-260818.osm.pbf,Trường Thọ,shop,12.0
2026-08-18,2026,vietnam-260818.osm.pbf,Tam Phú,food_outlet,2.0
2026-08-18,2026,vietnam-260818.osm.pbf,Tam Phú,shop,12.0
2026-08-18,2026,vietnam-260818.osm.pbf,Bình Chiểu,shop,16.0
2026-08-18,2026,vietnam-260818.osm.pbf,Linh Xuân,shop,18.0
2026-08-18,2026,vietnam-260818.osm.pbf,Phước Long B,food_outlet,10.0
2026-08-18,2026,vietnam-260818.osm.pbf,An Khánh,shop,32.0
2026-08-18,2026,vietnam-260818.osm.pbf,Linh Đông,shop,20.0
2026-08-18,2026,vietnam-260818.osm.pbf,Cát Lái,education,8.0
2026-08-18,2026,vietnam-260818.osm.pbf,Hiệp Bình Chánh,shop,118.0
2026-08-18,2026,vietnam-260818.osm.pbf,Cát Lái,shop,24.0
2026-08-18,2026,vietnam-260818.osm.pbf,Linh Xuân,food_outlet,8.0
2026-08-18,2026,vietnam-260818.osm.pbf,Hiệp Phú,education,28.0
2026-08-18,2026,vietnam-260818.osm.pbf,Phước Long A,shop,20.0
2026-08-18,2026,vietnam-260818.osm.pbf,Bình Trưng Tây,health,8.0
2026-08-18,2026,vietnam-260818.osm.pbf,Linh Trung,religious_premises,10.0
2026-08-18,2026,vietnam-260818.osm.pbf,Tam Bình,religious_premises,8.0
2026-08-18,2026,vietnam-260818.osm.pbf,Bình Chiểu,marketplace,4.0
2026-08-18,2026,vietnam-260818.osm.pbf,Linh Tây,health,6.0
2026-08-18,2026,vietnam-260818.osm.pbf,Thạnh Mỹ Lợi,shop,86.0
2026-08-18,2026,vietnam-260818.osm.pbf,Phước Long A,health,2.0
2026-08-18,2026,vietnam-260818.osm.pbf,Tân Phú,food_outlet,8.0
2026-08-18,2026,vietnam-260818.osm.pbf,Bình Chiểu,religious_premises,22.0
2026-08-18,2026,vietnam-260818.osm.pbf,Tân Phú,shop,48.0
2026-08-18,2026,vietnam-260818.osm.pbf,Linh Xuân,education,20.0
2026-08-18,2026,vietnam-260818.osm.pbf,Phước Bình,shop,12.0
2026-08-18,2026,vietnam-260818.osm.pbf,Linh Đông,religious_premises,20.0
2026-08-18,2026,vietnam-260818.osm.pbf,Tăng Nhơn Phú A,food_outlet,16.0
2026-08-18,2026,vietnam-260818.osm.pbf,Tăng Nhơn Phú A,education,20.0
2026-08-18,2026,vietnam-260818.osm.pbf,Linh Chiểu,education,24.0
2026-08-18,2026,vietnam-260818.osm.pbf,Hiệp Bình Chánh,religious_premises,18.0
2026-08-18,2026,vietnam-260818.osm.pbf,Tam Bình,health,4.0
2026-08-18,2026,vietnam-260818.osm.pbf,Tam Bình,shop,6.0
2026-08-18,2026,vietnam-260818.osm.pbf,Hiệp Bình Phước,food_outlet,16.0
2026-08-18,2026,vietnam-260818.osm.pbf,Tân Phú,religious_premises,16.0
2026-08-18,2026,vietnam-260818.osm.pbf,Thạnh Mỹ Lợi,marketplace,6.0
2026-08-18,2026,vietnam-260818.osm.pbf,Cát Lái,food_outlet,4.0
2026-08-18,2026,vietnam-260818.osm.pbf,Thảo Điền,health,10.0
2026-08-18,2026,vietnam-260818.osm.pbf,Hiệp Bình Chánh,health,12.0
2026-08-18,2026,vietnam-260818.osm.pbf,Hiệp Bình Phước,health,18.0
2026-08-18,2026,vietnam-260818.osm.pbf,Long Thạnh Mỹ,education,28.0
2026-08-18,2026,vietnam-260818.osm.pbf,Long Phước,food_outlet,2.0
2026-08-18,2026,vietnam-260818.osm.pbf,An Lợi Đông,shop,20.0
2026-08-18,2026,vietnam-260818.osm.pbf,Phước Bình,health,4.0
2026-08-18,2026,vietnam-260818.osm.pbf,Phước Long A,religious_premises,12.0
2026-08-18,2026,vietnam-260818.osm.pbf,An Lợi Đông,food_outlet,12.0
2026-08-18,2026,vietnam-260818.osm.pbf,Phú Hữu,shop,22.0
2026-08-18,2026,vietnam-260818.osm.pbf,Hiệp Bình Chánh,public_space,24.0
2026-08-18,2026,vietnam-260818.osm.pbf,Thảo Điền,religious_premises,8.0
2026-08-18,2026,vietnam-260818.osm.pbf,Cát Lái,religious_premises,16.0
2026-08-18,2026,vietnam-260818.osm.pbf,Thạnh Mỹ Lợi,food_outlet,100.0
2026-08-18,2026,vietnam-260818.osm.pbf,Thạnh Mỹ Lợi,health,10.0
2026-08-18,2026,vietnam-260818.osm.pbf,Phước Bình,religious_premises,6.0
2026-08-18,2026,vietnam-260818.osm.pbf,Phước Long B,marketplace,2.0
2026-08-18,2026,vietnam-260818.osm.pbf,Linh Xuân,marketplace,2.0
2026-08-18,2026,vietnam-260818.osm.pbf,Linh Tây,education,14.0
2026-08-18,2026,vietnam-260818.osm.pbf,Phước Long A,education,12.0
2026-08-18,2026,vietnam-260818.osm.pbf,Phú Hữu,marketplace,2.0
2026-08-18,2026,vietnam-260818.osm.pbf,Tam Bình,food_outlet,2.0
2026-08-18,2026,vietnam-260818.osm.pbf,Bình Trưng Tây,religious_premises,18.0
2026-08-18,2026,vietnam-260818.osm.pbf,Phú Hữu,religious_premises,14.0
2026-08-18,2026,vietnam-260818.osm.pbf,Long Thạnh Mỹ,religious_premises,22.0
2026-08-18,2026,vietnam-260818.osm.pbf,Long Bình,religious_premises,22.0
2026-08-18,2026,vietnam-260818.osm.pbf,Long Trường,religious_premises,8.0
2026-08-18,2026,vietnam-260818.osm.pbf,Thủ Thiêm,public_space,22.0
2026-08-18,2026,vietnam-260818.osm.pbf,Long Bình,food_outlet,8.0
2026-08-18,2026,vietnam-260818.osm.pbf,Thủ Thiêm,shop,10.0
2026-08-18,2026,vietnam-260818.osm.pbf,Thủ Thiêm,food_outlet,18.0
2026-08-18,2026,vietnam-260818.osm.pbf,Long Phước,shop,18.0
2026-08-18,2026,vietnam-260818.osm.pbf,Long Bình,shop,22.0
2026-08-18,2026,vietnam-260818.osm.pbf,Phú Hữu,health,2.0
2026-08-18,2026,vietnam-260818.osm.pbf,Long Trường,shop,28.0
2026-08-18,2026,vietnam-260818.osm.pbf,Bình Trưng Đông,health,4.0
2026-08-18,2026,vietnam-260818.osm.pbf,Long Thạnh Mỹ,food_outlet,44.0
2026-08-18,2026,vietnam-260818.osm.pbf,An Phú,health,8.0
2026-08-18,2026,vietnam-260818.osm.pbf,Long Bình,education,22.0
2026-08-18,2026,vietnam-260818.osm.pbf,An Khánh,education,20.0
2026-08-18,2026,vietnam-260818.osm.pbf,Long Thạnh Mỹ,public_space,94.0
2026-08-18,2026,vietnam-260818.osm.pbf,Long Bình,public_space,112.0
2026-08-18,2026,vietnam-260818.osm.pbf,Long Thạnh Mỹ,health,10.0
2026-08-18,2026,vietnam-260818.osm.pbf,An Phú,public_space,92.0
2026-08-18,2026,vietnam-260818.osm.pbf,Phước Long A,food_outlet,6.0
2026-08-18,2026,vietnam-260818.osm.pbf,Bình Trưng Tây,public_space,22.0
2026-08-18,2026,vietnam-260818.osm.pbf,Trường Thạnh,religious_premises,8.0
2026-08-18,2026,vietnam-260818.osm.pbf,Trường Thạnh,public_space,8.0
2026-08-18,2026,vietnam-260818.osm.pbf,Thạnh Mỹ Lợi,education,16.0
2026-08-18,2026,vietnam-260818.osm.pbf,An Khánh,public_space,16.0
2026-08-18,2026,vietnam-260818.osm.pbf,Long Phước,marketplace,2.0
2026-08-18,2026,vietnam-260818.osm.pbf,Cát Lái,public_space,10.0
2026-08-18,2026,vietnam-260818.osm.pbf,Linh Trung,public_space,90.0
2026-08-18,2026,vietnam-260818.osm.pbf,Linh Tây,public_space,12.0
2026-08-18,2026,vietnam-260818.osm.pbf,Tân Phú,education,10.0
2026-08-18,2026,vietnam-260818.osm.pbf,Tân Phú,marketplace,2.0
2026-08-18,2026,vietnam-260818.osm.pbf,Tam Phú,education,10.0
2026-08-18,2026,vietnam-260818.osm.pbf,Tân Phú,public_space,10.0
2026-08-18,2026,vietnam-260818.osm.pbf,Tam Bình,marketplace,4.0
2026-08-18,2026,vietnam-260818.osm.pbf,Trường Thọ,marketplace,2.0
2026-08-18,2026,vietnam-260818.osm.pbf,Bình Thọ,public_space,10.0
2026-08-18,2026,vietnam-260818.osm.pbf,Thảo Điền,public_space,56.0
2026-08-18,2026,vietnam-260818.osm.pbf,Hiệp Bình Phước,education,22.0
2026-08-18,2026,vietnam-260818.osm.pbf,Phước Long A,public_space,8.0
2026-08-18,2026,vietnam-260818.osm.pbf,Tăng Nhơn Phú B,public_space,10.0
2026-08-18,2026,vietnam-260818.osm.pbf,Tăng Nhơn Phú A,public_space,44.0
2026-08-18,2026,vietnam-260818.osm.pbf,Phước Long B,public_space,18.0
2026-08-18,2026,vietnam-260818.osm.pbf,Phước Long B,education,12.0
2026-08-18,2026,vietnam-260818.osm.pbf,Tăng Nhơn Phú B,education,6.0
2026-08-18,2026,vietnam-260818.osm.pbf,Linh Chiểu,religious_premises,8.0
2026-08-18,2026,vietnam-260818.osm.pbf,Hiệp Phú,public_space,24.0
2026-08-18,2026,vietnam-260818.osm.pbf,Phước Bình,marketplace,2.0
2026-08-18,2026,vietnam-260818.osm.pbf,Phước Bình,education,18.0
2026-08-18,2026,vietnam-260818.osm.pbf,Linh Đông,public_space,4.0
2026-08-18,2026,vietnam-260818.osm.pbf,Tam Bình,public_space,4.0
2026-08-18,2026,vietnam-260818.osm.pbf,Bình Thọ,marketplace,2.0
2026-08-18,2026,vietnam-260818.osm.pbf,Trường Thọ,religious_premises,6.0
2026-08-18,2026,vietnam-260818.osm.pbf,Hiệp Bình Chánh,education,8.0
2026-08-18,2026,vietnam-260818.osm.pbf,Trường Thọ,public_space,8.0
2026-08-18,2026,vietnam-260818.osm.pbf,Thảo Điền,marketplace,4.0
2026-08-18,2026,vietnam-260818.osm.pbf,Thủ Thiêm,religious_premises,8.0
2026-08-18,2026,vietnam-260818.osm.pbf,Thạnh Mỹ Lợi,religious_premises,10.0
2026-08-18,2026,vietnam-260818.osm.pbf,Linh Tây,marketplace,2.0
2026-08-18,2026,vietnam-260818.osm.pbf,Trường Thọ,education,8.0
2026-08-18,2026,vietnam-260818.osm.pbf,Linh Trung,marketplace,2.0
2026-08-18,2026,vietnam-260818.osm.pbf,Bình Chiểu,public_space,2.0
2026-08-18,2026,vietnam-260818.osm.pbf,Bình Chiểu,education,12.0
2026-08-18,2026,vietnam-260818.osm.pbf,Linh Xuân,public_space,22.0
2026-08-18,2026,vietnam-260818.osm.pbf,Hiệp Bình Phước,religious_premises,6.0
2026-08-18,2026,vietnam-260818.osm.pbf,An Khánh,religious_premises,6.0
2026-08-18,2026,vietnam-260818.osm.pbf,Tăng Nhơn Phú A,health,2.0
2026-08-18,2026,vietnam-260818.osm.pbf,Tăng Nhơn Phú A,marketplace,2.0
2026-08-18,2026,vietnam-260818.osm.pbf,Hiệp Bình Chánh,marketplace,4.0
2026-08-18,2026,vietnam-260818.osm.pbf,Linh Tây,religious_premises,4.0
2026-08-18,2026,vietnam-260818.osm.pbf,Tân Phú,health,2.0
2026-08-18,2026,vietnam-260818.osm.pbf,Bình Trưng Tây,education,6.0
2026-08-18,2026,vietnam-260818.osm.pbf,Cát Lái,marketplace,2.0
2026-08-18,2026,vietnam-260818.osm.pbf,Phú Hữu,public_space,40.0
2026-08-18,2026,vietnam-260818.osm.pbf,Bình Trưng Tây,marketplace,2.0
2026-08-18,2026,vietnam-260818.osm.pbf,Phước Long B,religious_premises,4.0
2026-08-18,2026,vietnam-260818.osm.pbf,Tam Bình,education,4.0
2026-08-18,2026,vietnam-260818.osm.pbf,Tam Phú,health,2.0
2026-08-18,2026,vietnam-260818.osm.pbf,Linh Xuân,health,2.0
2026-08-18,2026,vietnam-260818.osm.pbf,Tam Phú,public_space,6.0
2026-08-18,2026,vietnam-260818.osm.pbf,Trường Thạnh,education,2.0
2026-08-18,2026,vietnam-260818.osm.pbf,Long Trường,public_space,10.0
2026-08-18,2026,vietnam-260818.osm.pbf,An Lợi Đông,education,2.0
2026-08-18,2026,vietnam-260818.osm.pbf,Cát Lái,health,2.0
2026-08-18,2026,vietnam-260818.osm.pbf,Linh Đông,health,2.0
2026-08-18,2026,vietnam-260818.osm.pbf,Phước Bình,public_space,6.0
2026-08-18,2026,vietnam-260818.osm.pbf,An Lợi Đông,religious_premises,2.0
2026-08-18,2026,vietnam-260818.osm.pbf,Linh Trung,road_km,329.586
2026-08-18,2026,vietnam-260818.osm.pbf,Cát Lái,road_km,233.769
2026-08-18,2026,vietnam-260818.osm.pbf,Phước Bình,road_km,39.538
2026-08-18,2026,vietnam-260818.osm.pbf,Hiệp Phú,road_km,101.414
2026-08-18,2026,vietnam-260818.osm.pbf,Long Phước,road_km,252.914
2026-08-18,2026,vietnam-260818.osm.pbf,Bình Thọ,road_km,51.567
2026-08-18,2026,vietnam-260818.osm.pbf,Linh Xuân,road_km,165.945
2026-08-18,2026,vietnam-260818.osm.pbf,An Khánh,road_km,124.275
2026-08-18,2026,vietnam-260818.osm.pbf,Tăng Nhơn Phú A,road_km,149.963
2026-08-18,2026,vietnam-260818.osm.pbf,Linh Chiểu,road_km,65.047
2026-08-18,2026,vietnam-260818.osm.pbf,Long Bình,road_km,384.851
2026-08-18,2026,vietnam-260818.osm.pbf,An Phú,road_km,340.355
2026-08-18,2026,vietnam-260818.osm.pbf,Thảo Điền,road_km,130.048
2026-08-18,2026,vietnam-260818.osm.pbf,Linh Tây,road_km,66.673
2026-08-18,2026,vietnam-260818.osm.pbf,Trường Thạnh,road_km,261.561
2026-08-18,2026,vietnam-260818.osm.pbf,Bình Trưng Đông,road_km,114.641
2026-08-18,2026,vietnam-260818.osm.pbf,Long Thạnh Mỹ,road_km,306.57
2026-08-18,2026,vietnam-260818.osm.pbf,Tân Phú,road_km,176.413
2026-08-18,2026,vietnam-260818.osm.pbf,Linh Đông,road_km,122.165
2026-08-18,2026,vietnam-260818.osm.pbf,Tăng Nhơn Phú B,road_km,186.944
2026-08-18,2026,vietnam-260818.osm.pbf,Hiệp Bình Chánh,road_km,287.677
2026-08-18,2026,vietnam-260818.osm.pbf,Tam Phú,road_km,98.579
2026-08-18,2026,vietnam-260818.osm.pbf,Bình Chiểu,road_km,204.207
2026-08-18,2026,vietnam-260818.osm.pbf,Phước Long B,road_km,251.561
2026-08-18,2026,vietnam-260818.osm.pbf,Phước Long A,road_km,106.59
2026-08-18,2026,vietnam-260818.osm.pbf,Tam Bình,road_km,96.16
2026-08-18,2026,vietnam-260818.osm.pbf,Phú Hữu,road_km,382.964
2026-08-18,2026,vietnam-260818.osm.pbf,Trường Thọ,road_km,184.14
2026-08-18,2026,vietnam-260818.osm.pbf,Thạnh Mỹ Lợi,road_km,290.253
2026-08-18,2026,vietnam-260818.osm.pbf,Hiệp Bình Phước,road_km,293.546
2026-08-18,2026,vietnam-260818.osm.pbf,Long Trường,road_km,203.945
2026-08-18,2026,vietnam-260818.osm.pbf,Bình Trưng Tây,road_km,77.469
2026-08-18,2026,vietnam-260818.osm.pbf,Thủ Thiêm,road_km,77.999
2026-08-18,2026,vietnam-260818.osm.pbf,An Lợi Đông,road_km,67.33
